repayment_id,loan_id,montant,date_paiement,statut_paiement
REP000001,LN00001,34000,2020-03-04,LATE
REP000002,LN00001,34000,2020-03-30,PAID
REP000003,LN00001,34000,2020-04-29,PAID
REP000004,LN00001,34000,2020-06-01,PAID
REP000005,LN00001,34000,2020-07-04,PAID
REP000006,LN00001,34000,2020-08-02,PAID
REP000007,LN00001,34000,2020-08-28,PAID
REP000008,LN00001,34000,2020-09-29,PAID
REP000009,LN00001,34000,2020-11-01,LATE
REP000010,LN00001,34000,2020-12-01,PAID
REP000011,LN00001,34000,2020-12-29,PAID
REP000012,LN00001,34000,2021-01-27,PAID
REP000013,LN00002,40000,2020-12-27,PAID
REP000014,LN00002,40000,2021-01-29,PAID
REP000015,LN00002,40000,2021-03-01,PAID
REP000016,LN00002,40000,2021-03-29,PAID
REP000017,LN00002,40000,2021-05-01,PAID
REP000018,LN00002,40000,2021-05-30,PAID
REP000019,LN00002,40000,2021-06-28,PAID
REP000020,LN00002,40000,2021-07-24,PAID
REP000021,LN00002,40000,2021-08-26,PAID
REP000022,LN00002,40000,2021-09-26,PAID
REP000023,LN00002,40000,2021-10-29,PAID
REP000024,LN00002,40000,2021-11-27,PAID
REP000025,LN00002,40000,2021-12-20,PAID
REP000026,LN00002,40000,2022-01-21,PAID
REP000027,LN00002,40000,2022-02-20,LATE
REP000028,LN00002,40000,2022-03-23,PAID
REP000029,LN00002,40000,2022-04-24,PAID
REP000030,LN00002,40000,2022-05-20,PAID
REP000031,LN00002,40000,2022-06-26,PAID
REP000032,LN00002,40000,2022-07-20,PAID
REP000033,LN00002,40000,2022-08-23,PAID
REP000034,LN00002,40000,2022-09-21,PAID
REP000035,LN00002,40000,2022-10-18,PAID
REP000036,LN00002,40000,2022-11-20,PAID
REP000037,LN00002,40000,2022-12-18,PAID
REP000038,LN00002,40000,2023-01-19,PAID
REP000039,LN00002,40000,2023-02-19,PAID
REP000040,LN00002,40000,2023-03-18,LATE
REP000041,LN00002,40000,2023-04-14,PAID
REP000042,LN00002,40000,2023-05-17,PAID
REP000043,LN00002,40000,2023-06-20,PAID
REP000044,LN00002,40000,2023-07-15,LATE
REP000045,LN00002,40000,2023-08-18,PAID
REP000046,LN00002,40000,2023-09-13,PAID
REP000047,LN00002,40000,2023-10-16,PAID
REP000048,LN00002,40000,2023-11-11,LATE
REP000049,LN00003,106000,2024-04-29,PAID
REP000050,LN00003,106000,2024-05-30,PAID
REP000051,LN00003,106000,2024-06-29,PAID
REP000052,LN00003,106000,2024-07-25,PAID
REP000053,LN00003,106000,2024-08-25,PAID
REP000054,LN00004,107500,2020-07-07,PAID
REP000055,LN00004,107500,2020-08-03,PAID
REP000056,LN00004,107500,2020-09-03,PAID
REP000057,LN00004,107500,2020-10-02,PAID
REP000058,LN00004,107500,2020-11-04,PAID
REP000059,LN00004,107500,2020-11-28,PAID
REP000060,LN00004,107500,2021-01-01,PAID
REP000061,LN00004,107500,2021-02-03,PAID
REP000062,LN00005,69500,2023-08-25,PAID
REP000063,LN00005,69500,2023-09-24,PAID
REP000064,LN00006,7000,2023-11-25,PAID
REP000065,LN00006,7000,2023-12-26,PAID
REP000066,LN00006,7000,2024-01-25,PAID
REP000067,LN00006,7000,2024-02-22,PAID
REP000068,LN00006,7000,2024-03-27,PAID
REP000069,LN00006,7000,2024-04-23,PAID
REP000070,LN00006,7000,2024-05-25,PAID
REP000071,LN00006,7000,2024-06-17,LATE
REP000072,LN00006,7000,2024-07-25,PAID
REP000073,LN00006,7000,2024-08-20,PAID
REP000074,LN00006,7000,2024-09-20,PAID
REP000075,LN00006,7000,2024-10-23,LATE
REP000076,LN00006,7000,2024-11-16,PAID
REP000077,LN00006,7000,2024-12-22,PAID
REP000078,LN00006,7000,2025-01-18,PAID
REP000079,LN00006,7000,2025-02-14,PAID
REP000080,LN00006,7000,2025-03-22,PAID
REP000081,LN00006,7000,2025-04-17,PAID
REP000082,LN00006,7000,2025-05-13,PAID
REP000083,LN00006,7000,2025-06-19,PAID
REP000084,LN00006,7000,2025-07-16,PAID
REP000085,LN00006,7000,2025-08-17,PAID
REP000086,LN00006,7000,2025-09-14,PAID
REP000087,LN00006,7000,2025-10-14,PAID
REP000088,LN00006,7000,2025-11-15,PAID
REP000089,LN00006,7000,2025-12-14,PAID
REP000090,LN00006,7000,2026-01-15,PAID
REP000091,LN00006,7000,2026-02-09,PAID
REP000092,LN00006,7000,2026-03-16,PAID
REP000093,LN00006,7000,2026-04-10,PAID
REP000094,LN00006,7000,2026-05-10,LATE
REP000095,LN00006,7000,2026-06-11,PAID
REP000096,LN00006,7000,2026-07-14,PAID
REP000097,LN00006,7000,2026-08-13,LATE
REP000098,LN00006,7000,2026-09-10,PAID
REP000099,LN00006,7000,2026-10-13,PAID
REP000100,LN00007,149500,2021-08-05,PAID
REP000101,LN00007,149500,2021-08-30,PAID
REP000102,LN00007,149500,2021-09-28,PAID
REP000103,LN00007,149500,2021-10-31,PAID
REP000104,LN00007,149500,2021-11-28,PAID
REP000105,LN00007,149500,2021-12-30,PAID
REP000106,LN00007,149500,2022-01-28,PAID
REP000107,LN00007,149500,2022-02-24,PAID
REP000108,LN00007,149500,2022-03-28,PAID
REP000109,LN00007,149500,2022-04-26,PAID
REP000110,LN00007,149500,2022-06-01,PAID
REP000111,LN00007,149500,2022-06-29,LATE
REP000112,LN00008,393500,2020-09-03,PAID
REP000113,LN00008,393500,2020-10-03,PAID
REP000114,LN00008,393500,2020-11-03,LATE
REP000115,LN00008,393500,2020-12-08,PAID
REP000116,LN00008,393500,2021-01-07,PAID
REP000117,LN00008,393500,2021-02-03,PAID
REP000118,LN00009,96000,2020-07-29,PAID
REP000119,LN00010,42000,2022-01-26,PAID
REP000120,LN00010,42000,2022-02-22,PAID
REP000121,LN00010,42000,2022-03-22,PAID
REP000122,LN00011,76000,2022-05-29,PAID
REP000123,LN00011,76000,2022-06-24,PAID
REP000124,LN00011,76000,2022-07-29,PAID
REP000125,LN00011,76000,2022-08-26,PAID
REP000126,LN00011,76000,2022-09-27,PAID
REP000127,LN00011,76000,2022-10-24,PAID
REP000128,LN00011,76000,2022-11-26,PAID
REP000129,LN00011,76000,2022-12-22,PAID
REP000130,LN00011,76000,2023-01-26,PAID
REP000131,LN00011,76000,2023-02-22,PAID
REP000132,LN00011,76000,2023-03-22,PAID
REP000133,LN00011,76000,2023-04-20,PAID
REP000134,LN00011,76000,2023-05-27,PAID
REP000135,LN00011,76000,2023-06-25,PAID
REP000136,LN00011,76000,2023-07-25,PAID
REP000137,LN00011,76000,2023-08-23,PAID
REP000138,LN00011,76000,2023-09-22,PAID
REP000139,LN00011,76000,2023-10-18,PAID
REP000140,LN00011,76000,2023-11-21,PAID
REP000141,LN00011,76000,2023-12-23,PAID
REP000142,LN00011,76000,2024-01-21,PAID
REP000143,LN00011,76000,2024-02-15,PAID
REP000144,LN00011,76000,2024-03-22,PAID
REP000145,LN00011,76000,2024-04-21,PAID
REP000146,LN00011,76000,2024-05-20,PAID
REP000147,LN00011,76000,2024-06-19,PAID
REP000148,LN00012,39000,2023-01-03,PAID
REP000149,LN00012,39000,2023-02-06,PAID
REP000150,LN00013,45000,2021-01-04,PAID
REP000151,LN00013,45000,2021-02-03,PAID
REP000152,LN00013,45000,2021-03-13,PAID
REP000153,LN00013,45000,2021-04-05,PAID
REP000154,LN00013,45000,2021-05-08,PAID
REP000155,LN00013,45000,2021-06-04,PAID
REP000156,LN00013,45000,2021-07-03,PAID
REP000157,LN00013,45000,2021-08-09,PAID
REP000158,LN00013,45000,2021-09-03,PAID
REP000159,LN00013,45000,2021-10-01,PAID
REP000160,LN00014,65000,2024-02-16,PAID
REP000161,LN00014,65000,2024-03-20,PAID
REP000162,LN00014,65000,2024-04-19,PAID
REP000163,LN00014,65000,2024-05-16,PAID
REP000164,LN00014,65000,2024-06-13,PAID
REP000165,LN00014,65000,2024-07-12,PAID
REP000166,LN00014,65000,2024-08-14,PAID
REP000167,LN00014,65000,2024-09-10,PAID
REP000168,LN00014,65000,2024-10-09,LATE
REP000169,LN00014,65000,2024-11-09,LATE
REP000170,LN00014,65000,2024-12-15,PAID
REP000171,LN00014,65000,2025-01-13,PAID
REP000172,LN00015,56000,2021-12-12,PAID
REP000173,LN00015,56000,2022-01-12,PAID
REP000174,LN00015,56000,2022-02-12,PAID
REP000175,LN00015,56000,2022-03-09,PAID
REP000176,LN00015,56000,2022-04-07,PAID
REP000177,LN00015,56000,2022-05-07,PAID
REP000178,LN00015,56000,2022-06-09,PAID
REP000179,LN00015,56000,2022-07-09,PAID
REP000180,LN00015,56000,2022-08-07,PAID
REP000181,LN00015,56000,2022-09-10,PAID
REP000182,LN00015,56000,2022-10-12,PAID
REP000183,LN00015,56000,2022-11-07,PAID
REP000184,LN00015,56000,2022-12-05,PAID
REP000185,LN00015,56000,2023-01-02,PAID
REP000186,LN00015,56000,2023-02-03,PAID
REP000187,LN00015,56000,2023-03-10,PAID
REP000188,LN00016,34000,2021-11-14,PAID
REP000189,LN00016,34000,2021-12-17,PAID
REP000190,LN00016,34000,2022-01-19,PAID
REP000191,LN00016,34000,2022-02-12,PAID
REP000192,LN00016,34000,2022-03-20,PAID
REP000193,LN00016,34000,2022-04-20,PAID
REP000194,LN00016,34000,2022-05-21,PAID
REP000195,LN00016,34000,2022-06-12,PAID
REP000196,LN00016,34000,2022-07-19,PAID
REP000197,LN00016,34000,2022-08-18,PAID
REP000198,LN00016,34000,2022-09-10,PAID
REP000199,LN00016,34000,2022-10-16,PAID
REP000200,LN00016,34000,2022-11-17,PAID
REP000201,LN00016,34000,2022-12-15,PAID
REP000202,LN00016,34000,2023-01-09,PAID
REP000203,LN00016,34000,2023-02-12,PAID
REP000204,LN00017,82000,2024-03-12,PAID
REP000205,LN00017,82000,2024-04-14,PAID
REP000206,LN00017,82000,2024-05-18,PAID
REP000207,LN00017,82000,2024-06-13,PAID
REP000208,LN00017,82000,2024-07-15,PAID
REP000209,LN00017,82000,2024-08-16,PAID
REP000210,LN00017,82000,2024-09-12,PAID
REP000211,LN00018,41500,2020-09-23,PAID
REP000212,LN00018,41500,2020-10-22,PAID
REP000213,LN00018,41500,2020-11-18,PAID
REP000214,LN00018,41500,2020-12-20,PAID
REP000215,LN00018,41500,2021-01-16,PAID
REP000216,LN00018,41500,2021-02-16,PAID
REP000217,LN00018,41500,2021-03-18,PAID
REP000218,LN00018,41500,2021-04-16,PAID
REP000219,LN00018,41500,2021-05-22,PAID
REP000220,LN00018,41500,2021-06-17,PAID
REP000221,LN00018,41500,2021-07-14,PAID
REP000222,LN00018,41500,2021-08-17,PAID
REP000223,LN00018,41500,2021-09-14,PAID
REP000224,LN00018,41500,2021-10-20,LATE
REP000225,LN00018,41500,2021-11-12,PAID
REP000226,LN00018,41500,2021-12-12,PAID
REP000227,LN00018,41500,2022-01-11,PAID
REP000228,LN00018,41500,2022-02-16,PAID
REP000229,LN00018,41500,2022-03-16,PAID
REP000230,LN00018,41500,2022-04-10,PAID
REP000231,LN00018,41500,2022-05-18,PAID
REP000232,LN00018,41500,2022-06-11,PAID
REP000233,LN00018,41500,2022-07-17,PAID
REP000234,LN00018,41500,2022-08-09,PAID
REP000235,LN00018,41500,2022-09-14,PAID
REP000236,LN00018,41500,2022-10-08,PAID
REP000237,LN00018,41500,2022-11-07,PAID
REP000238,LN00018,41500,2022-12-06,PAID
REP000239,LN00018,41500,2023-01-07,PAID
REP000240,LN00018,41500,2023-02-07,PAID
REP000241,LN00018,41500,2023-03-08,PAID
REP000242,LN00018,41500,2023-04-12,PAID
REP000243,LN00018,41500,2023-05-12,PAID
REP000244,LN00018,41500,2023-06-05,PAID
REP000245,LN00018,41500,2023-07-09,PAID
REP000246,LN00018,41500,2023-08-05,PAID
REP000247,LN00019,167000,2024-01-24,PAID
REP000248,LN00019,167000,2024-02-16,PAID
REP000249,LN00020,37000,2020-11-13,PAID
REP000250,LN00020,37000,2020-12-10,PAID
REP000251,LN00020,37000,2021-01-12,PAID
REP000252,LN00020,37000,2021-02-12,PAID
REP000253,LN00020,37000,2021-03-11,PAID
REP000254,LN00020,37000,2021-04-15,PAID
REP000255,LN00020,37000,2021-05-10,PAID
REP000256,LN00020,37000,2021-06-12,PAID
REP000257,LN00021,41000,2022-08-11,PAID
REP000258,LN00021,41000,2022-09-11,PAID
REP000259,LN00021,41000,2022-10-08,PAID
REP000260,LN00022,83500,2020-04-14,PAID
REP000261,LN00022,83500,2020-05-20,PAID
REP000262,LN00022,83500,2020-06-12,PAID
REP000263,LN00022,83500,2020-07-17,PAID
REP000264,LN00022,83500,2020-08-12,PAID
REP000265,LN00022,83500,2020-09-15,PAID
REP000266,LN00022,83500,2020-10-11,PAID
REP000267,LN00022,83500,2020-11-08,PAID
REP000268,LN00023,39500,2021-01-10,PAID
REP000269,LN00023,39500,2021-02-07,PAID
REP000270,LN00023,39500,2021-03-11,PAID
REP000271,LN00023,39500,2021-04-07,PAID
REP000272,LN00023,39500,2021-05-02,PAID
REP000273,LN00023,39500,2021-06-09,PAID
REP000274,LN00023,39500,2021-07-03,PAID
REP000275,LN00023,39500,2021-08-07,PAID
REP000276,LN00023,39500,2021-09-07,PAID
REP000277,LN00023,39500,2021-10-06,PAID
REP000278,LN00023,39500,2021-11-04,PAID
REP000279,LN00023,39500,2021-12-02,PAID
REP000280,LN00023,39500,2022-01-05,PAID
REP000281,LN00023,39500,2022-01-29,PAID
REP000282,LN00023,39500,2022-03-06,PAID
REP000283,LN00023,39500,2022-03-29,PAID
REP000284,LN00023,39500,2022-05-01,PAID
REP000285,LN00023,39500,2022-05-29,LATE
REP000286,LN00023,39500,2022-07-04,PAID
REP000287,LN00023,39500,2022-07-29,PAID
REP000288,LN00023,39500,2022-08-29,PAID
REP000289,LN00023,39500,2022-10-02,PAID
REP000290,LN00023,39500,2022-10-24,PAID
REP000291,LN00023,39500,2022-11-27,PAID
REP000292,LN00023,39500,2022-12-28,PAID
REP000293,LN00023,39500,2023-01-23,PAID
REP000294,LN00023,39500,2023-02-21,PAID
REP000295,LN00023,39500,2023-03-26,PAID
REP000296,LN00023,39500,2023-04-30,PAID
REP000297,LN00023,39500,2023-05-25,PAID
REP000298,LN00023,39500,2023-06-25,PAID
REP000299,LN00023,39500,2023-07-23,PAID
REP000300,LN00023,39500,2023-08-28,PAID
REP000301,LN00023,39500,2023-09-20,PAID
REP000302,LN00023,39500,2023-10-22,PAID
REP000303,LN00023,39500,2023-11-23,PAID
REP000304,LN00024,114000,2020-09-06,PAID
REP000305,LN00025,81000,2022-03-05,PAID
REP000306,LN00025,81000,2022-04-05,PAID
REP000307,LN00026,178500,2022-10-13,PAID
REP000308,LN00026,178500,2022-11-19,PAID
REP000309,LN00027,109500,2021-11-04,PAID
REP000310,LN00027,109500,2021-11-30,PAID
REP000311,LN00027,109500,2022-01-01,PAID
REP000312,LN00027,109500,2022-02-01,PAID
REP000313,LN00027,109500,2022-03-02,PAID
REP000314,LN00027,109500,2022-03-28,PAID
REP000315,LN00027,109500,2022-05-02,PAID
REP000316,LN00027,109500,2022-05-27,PAID
REP000317,LN00027,109500,2022-07-02,PAID
REP000318,LN00028,9000,2024-02-15,PAID
REP000319,LN00028,9000,2024-03-22,PAID
REP000320,LN00028,9000,2024-04-16,PAID
REP000321,LN00028,9000,2024-05-19,PAID
REP000322,LN00028,9000,2024-06-14,PAID
REP000323,LN00028,9000,2024-07-19,PAID
REP000324,LN00028,9000,2024-08-17,PAID
REP000325,LN00028,9000,2024-09-11,PAID
REP000326,LN00028,9000,2024-10-12,PAID
REP000327,LN00028,9000,2024-11-15,PAID
REP000328,LN00028,9000,2024-12-17,LATE
REP000329,LN00028,9000,2025-01-11,PAID
REP000330,LN00028,9000,2025-02-14,LATE
REP000331,LN00028,9000,2025-03-14,PAID
REP000332,LN00028,9000,2025-04-12,PAID
REP000333,LN00028,9000,2025-05-16,LATE
REP000334,LN00028,9000,2025-06-16,PAID
REP000335,LN00028,9000,2025-07-08,PAID
REP000336,LN00028,9000,2025-08-11,PAID
REP000337,LN00028,9000,2025-09-11,PAID
REP000338,LN00028,9000,2025-10-13,PAID
REP000339,LN00028,9000,2025-11-07,PAID
REP000340,LN00028,9000,2025-12-13,PAID
REP000341,LN00028,9000,2026-01-11,PAID
REP000342,LN00029,388500,2023-09-21,PAID
REP000343,LN00030,26000,2023-03-25,PAID
REP000344,LN00030,26000,2023-04-24,PAID
REP000345,LN00030,26000,2023-05-18,PAID
REP000346,LN00030,26000,2023-06-24,PAID
REP000347,LN00030,26000,2023-07-18,PAID
REP000348,LN00030,26000,2023-08-16,PAID
REP000349,LN00030,26000,2023-09-19,PAID
REP000350,LN00030,26000,2023-10-16,PAID
REP000351,LN00030,26000,2023-11-15,PAID
REP000352,LN00030,26000,2023-12-22,PAID
REP000353,LN00031,32000,2020-04-04,PAID
REP000354,LN00031,32000,2020-05-03,PAID
REP000355,LN00032,50000,2021-08-21,PAID
REP000356,LN00033,282500,2022-08-22,PAID
REP000357,LN00033,282500,2022-09-24,PAID
REP000358,LN00033,282500,2022-10-28,PAID
REP000359,LN00033,282500,2022-11-28,PAID
REP000360,LN00033,282500,2022-12-26,PAID
REP000361,LN00033,282500,2023-01-26,PAID
REP000362,LN00033,282500,2023-02-18,PAID
REP000363,LN00034,14000,2023-07-08,LATE
REP000364,LN00034,14000,2023-08-09,PAID
REP000365,LN00034,14000,2023-09-04,PAID
REP000366,LN00035,47000,2023-07-17,PAID
REP000367,LN00035,47000,2023-08-10,PAID
REP000368,LN00035,47000,2023-09-08,PAID
REP000369,LN00035,47000,2023-10-13,PAID
REP000370,LN00036,83500,2022-03-02,PAID
REP000371,LN00036,83500,2022-04-06,PAID
REP000372,LN00036,83500,2022-05-01,PAID
REP000373,LN00036,83500,2022-06-01,PAID
REP000374,LN00036,83500,2022-07-06,PAID
REP000375,LN00036,83500,2022-08-03,PAID
REP000376,LN00036,83500,2022-08-30,PAID
REP000377,LN00036,83500,2022-10-01,PAID
REP000378,LN00036,83500,2022-10-31,PAID
REP000379,LN00036,83500,2022-12-05,PAID
REP000380,LN00036,83500,2022-12-28,PAID
REP000381,LN00036,83500,2023-01-31,PAID
REP000382,LN00037,39000,2022-10-21,PAID
REP000383,LN00037,39000,2022-11-25,PAID
REP000384,LN00037,39000,2022-12-19,PAID
REP000385,LN00037,39000,2023-01-19,PAID
REP000386,LN00037,39000,2023-02-25,PAID
REP000387,LN00037,39000,2023-03-21,PAID
REP000388,LN00037,39000,2023-04-24,PAID
REP000389,LN00037,39000,2023-05-26,PAID
REP000390,LN00037,39000,2023-06-19,PAID
REP000391,LN00037,39000,2023-07-19,PAID
REP000392,LN00037,39000,2023-08-24,PAID
REP000393,LN00037,39000,2023-09-23,PAID
REP000394,LN00037,39000,2023-10-15,PAID
REP000395,LN00037,39000,2023-11-18,PAID
REP000396,LN00038,396500,2023-07-19,PAID
REP000397,LN00039,72000,2022-12-05,PAID
REP000398,LN00039,72000,2023-01-01,PAID
REP000399,LN00039,72000,2023-02-02,PAID
REP000400,LN00039,72000,2023-03-01,PAID
REP000401,LN00039,72000,2023-04-05,PAID
REP000402,LN00039,72000,2023-04-29,PAID
REP000403,LN00039,72000,2023-05-28,PAID
REP000404,LN00039,72000,2023-07-02,PAID
REP000405,LN00039,72000,2023-07-28,PAID
REP000406,LN00039,72000,2023-08-29,PAID
REP000407,LN00039,72000,2023-09-27,PAID
REP000408,LN00039,72000,2023-10-29,PAID
REP000409,LN00039,72000,2023-11-28,PAID
REP000410,LN00039,72000,2023-12-30,PAID
REP000411,LN00039,72000,2024-01-27,PAID
REP000412,LN00039,72000,2024-02-28,PAID
REP000413,LN00039,72000,2024-03-27,LATE
REP000414,LN00039,72000,2024-04-23,PAID
REP000415,LN00039,72000,2024-05-21,PAID
REP000416,LN00039,72000,2024-06-20,PAID
REP000417,LN00039,72000,2024-07-22,PAID
REP000418,LN00039,72000,2024-08-26,PAID
REP000419,LN00039,72000,2024-09-26,PAID
REP000420,LN00039,72000,2024-10-19,PAID
REP000421,LN00040,55500,2020-07-16,PAID
REP000422,LN00040,55500,2020-08-20,PAID
REP000423,LN00040,55500,2020-09-18,PAID
REP000424,LN00040,55500,2020-10-13,PAID
REP000425,LN00040,55500,2020-11-17,PAID
REP000426,LN00040,55500,2020-12-19,LATE
REP000427,LN00040,55500,2021-01-11,PAID
REP000428,LN00040,55500,2021-02-15,PAID
REP000429,LN00040,55500,2021-03-16,PAID
REP000430,LN00040,55500,2021-04-14,PAID
REP000431,LN00040,55500,2021-05-18,PAID
REP000432,LN00040,55500,2021-06-10,PAID
REP000433,LN00040,55500,2021-07-13,LATE
REP000434,LN00040,55500,2021-08-15,PAID
REP000435,LN00040,55500,2021-09-12,PAID
REP000436,LN00041,119500,2021-09-12,PAID
REP000437,LN00041,119500,2021-10-12,PAID
REP000438,LN00041,119500,2021-11-11,PAID
REP000439,LN00041,119500,2021-12-11,PAID
REP000440,LN00042,114500,2020-09-20,PAID
REP000441,LN00042,114500,2020-10-21,PAID
REP000442,LN00042,114500,2020-11-16,PAID
REP000443,LN00042,114500,2020-12-24,PAID
REP000444,LN00042,114500,2021-01-23,PAID
REP000445,LN00042,114500,2021-02-14,PAID
REP000446,LN00042,114500,2021-03-16,PAID
REP000447,LN00042,114500,2021-04-20,PAID
REP000448,LN00042,114500,2021-05-21,PAID
REP000449,LN00042,114500,2021-06-22,PAID
REP000450,LN00042,114500,2021-07-19,PAID
REP000451,LN00042,114500,2021-08-13,PAID
REP000452,LN00042,114500,2021-09-15,LATE
REP000453,LN00042,114500,2021-10-18,PAID
REP000454,LN00042,114500,2021-11-16,LATE
REP000455,LN00042,114500,2021-12-14,PAID
REP000456,LN00042,114500,2022-01-10,PAID
REP000457,LN00042,114500,2022-02-12,PAID
REP000458,LN00043,25000,2023-02-25,PAID
REP000459,LN00043,25000,2023-03-24,PAID
REP000460,LN00043,25000,2023-04-25,PAID
REP000461,LN00043,25000,2023-05-21,LATE
REP000462,LN00043,25000,2023-06-25,PAID
REP000463,LN00043,25000,2023-07-24,PAID
REP000464,LN00043,25000,2023-08-21,PAID
REP000465,LN00043,25000,2023-09-20,PAID
REP000466,LN00043,25000,2023-10-17,PAID
REP000467,LN00043,25000,2023-11-24,PAID
REP000468,LN00043,25000,2023-12-17,PAID
REP000469,LN00043,25000,2024-01-22,PAID
REP000470,LN00044,120000,2022-08-07,PAID
REP000471,LN00044,120000,2022-09-05,PAID
REP000472,LN00044,120000,2022-10-11,PAID
REP000473,LN00045,60000,2021-04-03,PAID
REP000474,LN00045,60000,2021-05-08,PAID
REP000475,LN00045,60000,2021-06-06,PAID
REP000476,LN00046,151500,2021-03-26,PAID
REP000477,LN00046,151500,2021-04-29,PAID
REP000478,LN00046,151500,2021-05-31,PAID
REP000479,LN00047,66000,2021-09-14,PAID
REP000480,LN00047,66000,2021-10-11,PAID
REP000481,LN00047,66000,2021-11-17,PAID
REP000482,LN00048,103500,2024-04-13,PAID
REP000483,LN00048,103500,2024-05-12,PAID
REP000484,LN00048,103500,2024-06-16,PAID
REP000485,LN00048,103500,2024-07-12,PAID
REP000486,LN00048,103500,2024-08-11,PAID
REP000487,LN00048,103500,2024-09-12,PAID
REP000488,LN00048,103500,2024-10-11,PAID
REP000489,LN00048,103500,2024-11-12,PAID
REP000490,LN00048,103500,2024-12-15,PAID
REP000491,LN00048,103500,2025-01-14,PAID
REP000492,LN00049,106500,2020-11-22,PAID
REP000493,LN00049,106500,2020-12-26,PAID
REP000494,LN00049,106500,2021-01-29,PAID
REP000495,LN00050,66500,2022-03-10,PAID
REP000496,LN00050,66500,2022-04-13,PAID
REP000497,LN00050,66500,2022-05-07,PAID
REP000498,LN00050,66500,2022-06-09,PAID
REP000499,LN00050,66500,2022-07-04,PAID
REP000500,LN00050,66500,2022-08-05,PAID
REP000501,LN00051,61500,2022-08-24,PAID
REP000502,LN00051,61500,2022-09-23,PAID
REP000503,LN00051,61500,2022-10-21,PAID
REP000504,LN00051,61500,2022-11-17,PAID
REP000505,LN00051,61500,2022-12-17,PAID
REP000506,LN00051,61500,2023-01-18,PAID
REP000507,LN00051,61500,2023-02-19,PAID
REP000508,LN00051,61500,2023-03-21,PAID
REP000509,LN00051,61500,2023-04-18,PAID
REP000510,LN00051,61500,2023-05-18,PAID
REP000511,LN00051,61500,2023-06-18,PAID
REP000512,LN00051,61500,2023-07-13,PAID
REP000513,LN00051,61500,2023-08-11,PAID
REP000514,LN00051,61500,2023-09-10,PAID
REP000515,LN00051,61500,2023-10-13,PAID
REP000516,LN00051,61500,2023-11-12,PAID
REP000517,LN00051,61500,2023-12-14,PAID
REP000518,LN00051,61500,2024-01-14,PAID
REP000519,LN00051,61500,2024-02-09,PAID
REP000520,LN00051,61500,2024-03-08,PAID
REP000521,LN00051,61500,2024-04-08,PAID
REP000522,LN00051,61500,2024-05-15,PAID
REP000523,LN00051,61500,2024-06-10,PAID
REP000524,LN00051,61500,2024-07-11,LATE
REP000525,LN00052,111000,2023-08-23,PAID
REP000526,LN00052,111000,2023-09-21,PAID
REP000527,LN00052,111000,2023-10-23,PAID
REP000528,LN00052,111000,2023-11-23,PAID
REP000529,LN00052,111000,2023-12-21,PAID
REP000530,LN00052,111000,2024-01-17,PAID
REP000531,LN00052,111000,2024-02-20,PAID
REP000532,LN00052,111000,2024-03-17,PAID
REP000533,LN00052,111000,2024-04-18,PAID
REP000534,LN00052,111000,2024-05-17,PAID
REP000535,LN00052,111000,2024-06-18,PAID
REP000536,LN00052,111000,2024-07-18,PAID
REP000537,LN00052,111000,2024-08-19,PAID
REP000538,LN00052,111000,2024-09-21,PAID
REP000539,LN00052,111000,2024-10-19,PAID
REP000540,LN00052,111000,2024-11-13,PAID
REP000541,LN00052,111000,2024-12-14,PAID
REP000542,LN00052,111000,2025-01-14,PAID
REP000543,LN00052,111000,2025-02-15,PAID
REP000544,LN00053,49000,2021-08-05,PAID
REP000545,LN00053,49000,2021-09-01,PAID
REP000546,LN00053,49000,2021-10-01,PAID
REP000547,LN00053,49000,2021-11-01,PAID
REP000548,LN00053,49000,2021-12-02,PAID
REP000549,LN00053,49000,2021-12-31,PAID
REP000550,LN00053,49000,2022-02-03,PAID
REP000551,LN00053,49000,2022-03-04,PAID
REP000552,LN00053,49000,2022-03-28,PAID
REP000553,LN00053,49000,2022-04-27,PAID
REP000554,LN00053,49000,2022-06-01,PAID
REP000555,LN00053,49000,2022-07-03,PAID
REP000556,LN00053,49000,2022-08-02,PAID
REP000557,LN00053,49000,2022-08-29,PAID
REP000558,LN00053,49000,2022-10-01,PAID
REP000559,LN00053,49000,2022-10-30,PAID
REP000560,LN00053,49000,2022-11-28,PAID
REP000561,LN00053,49000,2022-12-22,PAID
REP000562,LN00054,49000,2023-12-02,PAID
REP000563,LN00055,103500,2022-07-22,PAID
REP000564,LN00055,103500,2022-08-24,PAID
REP000565,LN00055,103500,2022-09-22,PAID
REP000566,LN00055,103500,2022-10-18,PAID
REP000567,LN00055,103500,2022-11-17,PAID
REP000568,LN00055,103500,2022-12-24,PAID
REP000569,LN00055,103500,2023-01-15,PAID
REP000570,LN00055,103500,2023-02-19,PAID
REP000571,LN00055,103500,2023-03-23,PAID
REP000572,LN00055,103500,2023-04-20,PAID
REP000573,LN00055,103500,2023-05-20,PAID
REP000574,LN00055,103500,2023-06-14,PAID
REP000575,LN00055,103500,2023-07-17,PAID
REP000576,LN00055,103500,2023-08-14,PAID
REP000577,LN00055,103500,2023-09-13,PAID
REP000578,LN00055,103500,2023-10-20,PAID
REP000579,LN00055,103500,2023-11-12,PAID
REP000580,LN00055,103500,2023-12-14,PAID
REP000581,LN00055,103500,2024-01-11,PAID
REP000582,LN00055,103500,2024-02-17,PAID
REP000583,LN00055,103500,2024-03-13,PAID
REP000584,LN00055,103500,2024-04-13,PAID
REP000585,LN00055,103500,2024-05-13,PAID
REP000586,LN00055,103500,2024-06-10,PAID
REP000587,LN00055,103500,2024-07-16,PAID
REP000588,LN00055,103500,2024-08-07,PAID
REP000589,LN00056,92000,2020-12-23,PAID
REP000590,LN00056,92000,2021-01-23,PAID
REP000591,LN00056,92000,2021-02-16,PAID
REP000592,LN00056,92000,2021-03-26,PAID
REP000593,LN00056,92000,2021-04-19,PAID
REP000594,LN00057,61000,2022-04-21,PAID
REP000595,LN00057,61000,2022-05-21,PAID
REP000596,LN00057,61000,2022-06-25,PAID
REP000597,LN00057,61000,2022-07-25,PAID
REP000598,LN00058,50500,2020-07-12,PAID
REP000599,LN00058,50500,2020-08-05,PAID
REP000600,LN00058,50500,2020-09-06,PAID
REP000601,LN00058,50500,2020-10-09,PAID
REP000602,LN00058,50500,2020-11-09,PAID
REP000603,LN00058,50500,2020-12-02,PAID
REP000604,LN00059,19000,2022-06-12,PAID
REP000605,LN00059,19000,2022-07-10,PAID
REP000606,LN00059,19000,2022-08-14,PAID
REP000607,LN00059,19000,2022-09-14,PAID
REP000608,LN00059,19000,2022-10-14,PAID
REP000609,LN00059,19000,2022-11-15,PAID
REP000610,LN00059,19000,2022-12-07,PAID
REP000611,LN00059,19000,2023-01-06,PAID
REP000612,LN00059,19000,2023-02-07,PAID
REP000613,LN00059,19000,2023-03-12,PAID
REP000614,LN00059,19000,2023-04-12,PAID
REP000615,LN00059,19000,2023-05-09,PAID
REP000616,LN00060,21500,2021-10-31,PAID
REP000617,LN00060,21500,2021-12-02,PAID
REP000618,LN00060,21500,2022-01-03,PAID
REP000619,LN00060,21500,2022-02-04,PAID
REP000620,LN00060,21500,2022-03-03,PAID
REP000621,LN00060,21500,2022-03-30,PAID
REP000622,LN00060,21500,2022-04-30,LATE
REP000623,LN00060,21500,2022-06-04,LATE
REP000624,LN00060,21500,2022-06-30,PAID
REP000625,LN00060,21500,2022-08-02,PAID
REP000626,LN00060,21500,2022-08-29,PAID
REP000627,LN00060,21500,2022-10-03,PAID
REP000628,LN00060,21500,2022-10-25,PAID
REP000629,LN00060,21500,2022-11-24,PAID
REP000630,LN00060,21500,2022-12-30,PAID
REP000631,LN00060,21500,2023-01-24,PAID
REP000632,LN00060,21500,2023-02-28,PAID
REP000633,LN00060,21500,2023-03-25,PAID
REP000634,LN00061,2000,2020-06-18,PAID
REP000635,LN00061,2000,2020-07-20,PAID
REP000636,LN00061,2000,2020-08-22,PAID
REP000637,LN00061,2000,2020-09-18,PAID
REP000638,LN00061,2000,2020-10-22,PAID
REP000639,LN00061,2000,2020-11-20,PAID
REP000640,LN00061,2000,2020-12-13,PAID
REP000641,LN00062,60000,2022-05-21,PAID
REP000642,LN00062,60000,2022-06-22,PAID
REP000643,LN00062,60000,2022-07-26,PAID
REP000644,LN00062,60000,2022-08-18,PAID
REP000645,LN00062,60000,2022-09-21,PAID
REP000646,LN00062,60000,2022-10-24,PAID
REP000647,LN00062,60000,2022-11-20,PAID
REP000648,LN00062,60000,2022-12-18,PAID
REP000649,LN00062,60000,2023-01-17,PAID
REP000650,LN00062,60000,2023-02-20,PAID
REP000651,LN00062,60000,2023-03-18,PAID
REP000652,LN00062,60000,2023-04-16,PAID
REP000653,LN00062,60000,2023-05-15,PAID
REP000654,LN00062,60000,2023-06-16,PAID
REP000655,LN00062,60000,2023-07-22,PAID
REP000656,LN00063,83000,2022-01-17,PAID
REP000657,LN00063,83000,2022-02-18,PAID
REP000658,LN00063,83000,2022-03-23,PAID
REP000659,LN00063,83000,2022-04-24,PAID
REP000660,LN00063,83000,2022-05-21,PAID
REP000661,LN00063,83000,2022-06-16,PAID
REP000662,LN00063,83000,2022-07-20,PAID
REP000663,LN00063,83000,2022-08-16,PAID
REP000664,LN00063,83000,2022-09-21,LATE
REP000665,LN00063,83000,2022-10-13,PAID
REP000666,LN00063,83000,2022-11-19,PAID
REP000667,LN00063,83000,2022-12-18,PAID
REP000668,LN00063,83000,2023-01-17,LATE
REP000669,LN00063,83000,2023-02-14,PAID
REP000670,LN00063,83000,2023-03-14,PAID
REP000671,LN00063,83000,2023-04-18,PAID
REP000672,LN00063,83000,2023-05-12,PAID
REP000673,LN00063,83000,2023-06-13,PAID
REP000674,LN00063,83000,2023-07-17,PAID
REP000675,LN00063,83000,2023-08-13,PAID
REP000676,LN00063,83000,2023-09-10,PAID
REP000677,LN00063,83000,2023-10-09,PAID
REP000678,LN00063,83000,2023-11-08,PAID
REP000679,LN00063,83000,2023-12-13,PAID
REP000680,LN00064,21000,2023-06-15,PAID
REP000681,LN00065,14000,2022-12-28,PAID
REP000682,LN00065,14000,2023-01-22,PAID
REP000683,LN00065,14000,2023-03-01,PAID
REP000684,LN00065,14000,2023-03-23,PAID
REP000685,LN00065,14000,2023-04-30,PAID
REP000686,LN00065,14000,2023-05-23,PAID
REP000687,LN00065,14000,2023-06-25,PAID
REP000688,LN00065,14000,2023-07-21,LATE
REP000689,LN00065,14000,2023-08-26,PAID
REP000690,LN00065,14000,2023-09-22,PAID
REP000691,LN00065,14000,2023-10-22,PAID
REP000692,LN00065,14000,2023-11-18,PAID
REP000693,LN00065,14000,2023-12-18,PAID
REP000694,LN00065,14000,2024-01-20,PAID
REP000695,LN00065,14000,2024-02-17,PAID
REP000696,LN00065,14000,2024-03-18,PAID
REP000697,LN00065,14000,2024-04-18,PAID
REP000698,LN00065,14000,2024-05-16,PAID
REP000699,LN00065,14000,2024-06-16,PAID
REP000700,LN00065,14000,2024-07-20,PAID
REP000701,LN00065,14000,2024-08-17,PAID
REP000702,LN00065,14000,2024-09-21,PAID
REP000703,LN00065,14000,2024-10-19,PAID
REP000704,LN00065,14000,2024-11-15,PAID
REP000705,LN00065,14000,2024-12-17,PAID
REP000706,LN00065,14000,2025-01-17,PAID
REP000707,LN00065,14000,2025-02-10,PAID
REP000708,LN00065,14000,2025-03-19,PAID
REP000709,LN00065,14000,2025-04-15,PAID
REP000710,LN00065,14000,2025-05-16,LATE
REP000711,LN00065,14000,2025-06-13,PAID
REP000712,LN00065,14000,2025-07-17,PAID
REP000713,LN00065,14000,2025-08-10,PAID
REP000714,LN00065,14000,2025-09-10,PAID
REP000715,LN00065,14000,2025-10-09,PAID
REP000716,LN00065,14000,2025-11-13,PAID
REP000717,LN00066,212500,2022-03-30,PAID
REP000718,LN00066,212500,2022-05-02,PAID
REP000719,LN00066,212500,2022-06-03,PAID
REP000720,LN00067,180000,2021-11-13,PAID
REP000721,LN00068,248500,2024-05-26,PAID
REP000722,LN00068,248500,2024-06-22,PAID
REP000723,LN00068,248500,2024-07-23,PAID
REP000724,LN00069,107000,2022-12-03,PAID
REP000725,LN00069,107000,2022-12-30,PAID
REP000726,LN00069,107000,2023-02-05,PAID
REP000727,LN00069,107000,2023-03-02,PAID
REP000728,LN00069,107000,2023-03-30,PAID
REP000729,LN00069,107000,2023-05-06,PAID
REP000730,LN00069,107000,2023-06-03,PAID
REP000731,LN00070,72500,2020-07-22,PAID
REP000732,LN00070,72500,2020-08-16,PAID
REP000733,LN00070,72500,2020-09-21,PAID
REP000734,LN00070,72500,2020-10-19,PAID
REP000735,LN00070,72500,2020-11-17,PAID
REP000736,LN00070,72500,2020-12-19,PAID
REP000737,LN00070,72500,2021-01-16,PAID
REP000738,LN00070,72500,2021-02-15,PAID
REP000739,LN00070,72500,2021-03-17,PAID
REP000740,LN00070,72500,2021-04-19,PAID
REP000741,LN00070,72500,2021-05-15,PAID
REP000742,LN00070,72500,2021-06-12,PAID
REP000743,LN00070,72500,2021-07-19,PAID
REP000744,LN00070,72500,2021-08-14,PAID
REP000745,LN00070,72500,2021-09-12,PAID
REP000746,LN00070,72500,2021-10-12,PAID
REP000747,LN00070,72500,2021-11-17,PAID
REP000748,LN00070,72500,2021-12-12,PAID
REP000749,LN00071,293500,2023-05-14,PAID
REP000750,LN00071,293500,2023-06-19,PAID
REP000751,LN00071,293500,2023-07-15,PAID
REP000752,LN00071,293500,2023-08-13,PAID
REP000753,LN00071,293500,2023-09-14,PAID
REP000754,LN00071,293500,2023-10-17,PAID
REP000755,LN00072,48500,2020-07-26,PAID
REP000756,LN00072,48500,2020-08-28,PAID
REP000757,LN00072,48500,2020-09-25,PAID
REP000758,LN00072,48500,2020-10-22,PAID
REP000759,LN00073,37500,2020-03-01,PAID
REP000760,LN00073,37500,2020-03-29,PAID
REP000761,LN00073,37500,2020-04-29,LATE
REP000762,LN00073,37500,2020-05-28,PAID
REP000763,LN00075,19500,2021-08-11,PAID
REP000764,LN00075,19500,2021-09-08,PAID
REP000765,LN00075,19500,2021-10-08,PAID
REP000766,LN00075,19500,2021-11-12,PAID
REP000767,LN00075,19500,2021-12-09,PAID
REP000768,LN00075,19500,2022-01-11,PAID
REP000769,LN00075,19500,2022-02-05,PAID
REP000770,LN00075,19500,2022-03-08,PAID
REP000771,LN00075,19500,2022-04-07,LATE
REP000772,LN00075,19500,2022-05-12,PAID
REP000773,LN00075,19500,2022-06-08,PAID
REP000774,LN00075,19500,2022-07-09,PAID
REP000775,LN00075,19500,2022-08-07,PAID
REP000776,LN00075,19500,2022-09-05,PAID
REP000777,LN00075,19500,2022-10-02,PAID
REP000778,LN00075,19500,2022-10-31,PAID
REP000779,LN00075,19500,2022-12-01,PAID
REP000780,LN00075,19500,2023-01-01,PAID
REP000781,LN00075,19500,2023-02-04,PAID
REP000782,LN00075,19500,2023-03-05,PAID
REP000783,LN00075,19500,2023-04-06,PAID
REP000784,LN00075,19500,2023-05-04,PAID
REP000785,LN00075,19500,2023-06-04,PAID
REP000786,LN00075,19500,2023-07-01,PAID
REP000787,LN00075,19500,2023-07-28,PAID
REP000788,LN00075,19500,2023-09-01,PAID
REP000789,LN00075,19500,2023-09-26,PAID
REP000790,LN00075,19500,2023-10-28,PAID
REP000791,LN00075,19500,2023-12-02,PAID
REP000792,LN00075,19500,2023-12-27,PAID
REP000793,LN00075,19500,2024-01-26,LATE
REP000794,LN00075,19500,2024-02-24,PAID
REP000795,LN00075,19500,2024-03-30,PAID
REP000796,LN00075,19500,2024-04-24,PAID
REP000797,LN00075,19500,2024-05-26,PAID
REP000798,LN00075,19500,2024-06-24,PAID
REP000799,LN00076,71000,2022-12-13,PAID
REP000800,LN00076,71000,2023-01-16,PAID
REP000801,LN00076,71000,2023-02-13,PAID
REP000802,LN00076,71000,2023-03-15,PAID
REP000803,LN00076,71000,2023-04-09,PAID
REP000804,LN00077,311000,2023-04-19,PAID
REP000805,LN00077,311000,2023-05-20,PAID
REP000806,LN00078,41000,2020-05-05,LATE
REP000807,LN00078,41000,2020-06-02,PAID
REP000808,LN00078,41000,2020-06-30,PAID
REP000809,LN00079,35000,2024-02-04,PAID
REP000810,LN00079,35000,2024-03-03,PAID
REP000811,LN00079,35000,2024-03-31,PAID
REP000812,LN00079,35000,2024-04-30,PAID
REP000813,LN00079,35000,2024-05-31,PAID
REP000814,LN00079,35000,2024-07-05,PAID
REP000815,LN00079,35000,2024-08-03,PAID
REP000816,LN00079,35000,2024-08-29,PAID
REP000817,LN00079,35000,2024-09-25,PAID
REP000818,LN00079,35000,2024-10-28,PAID
REP000819,LN00079,35000,2024-11-30,PAID
REP000820,LN00079,35000,2024-12-25,PAID
REP000821,LN00079,35000,2025-01-25,PAID
REP000822,LN00079,35000,2025-02-23,PAID
REP000823,LN00079,35000,2025-03-28,PAID
REP000824,LN00079,35000,2025-04-23,PAID
REP000825,LN00079,35000,2025-05-30,PAID
REP000826,LN00079,35000,2025-06-23,LATE
REP000827,LN00079,35000,2025-07-26,PAID
REP000828,LN00079,35000,2025-08-21,PAID
REP000829,LN00079,35000,2025-09-20,PAID
REP000830,LN00079,35000,2025-10-28,PAID
REP000831,LN00079,35000,2025-11-25,PAID
REP000832,LN00079,35000,2025-12-23,PAID
REP000833,LN00080,71000,2023-04-17,PAID
REP000834,LN00080,71000,2023-05-17,PAID
REP000835,LN00080,71000,2023-06-16,PAID
REP000836,LN00080,71000,2023-07-14,PAID
REP000837,LN00080,71000,2023-08-16,PAID
REP000838,LN00080,71000,2023-09-09,PAID
REP000839,LN00080,71000,2023-10-14,PAID
REP000840,LN00080,71000,2023-11-08,PAID
REP000841,LN00081,81000,2020-06-23,PAID
REP000842,LN00081,81000,2020-07-19,LATE
REP000843,LN00081,81000,2020-08-17,PAID
REP000844,LN00081,81000,2020-09-19,PAID
REP000845,LN00081,81000,2020-10-18,PAID
REP000846,LN00081,81000,2020-11-21,PAID
REP000847,LN00081,81000,2020-12-17,LATE
REP000848,LN00081,81000,2021-01-18,LATE
REP000849,LN00081,81000,2021-02-17,PAID
REP000850,LN00081,81000,2021-03-19,PAID
REP000851,LN00081,81000,2021-04-16,PAID
REP000852,LN00081,81000,2021-05-19,PAID
REP000853,LN00082,119000,2022-02-22,PAID
REP000854,LN00082,119000,2022-03-30,PAID
REP000855,LN00082,119000,2022-04-23,PAID
REP000856,LN00082,119000,2022-05-26,PAID
REP000857,LN00082,119000,2022-06-23,PAID
REP000858,LN00082,119000,2022-07-29,LATE
REP000859,LN00082,119000,2022-08-27,PAID
REP000860,LN00082,119000,2022-09-23,PAID
REP000861,LN00082,119000,2022-10-27,PAID
REP000862,LN00082,119000,2022-11-25,PAID
REP000863,LN00082,119000,2022-12-25,PAID
REP000864,LN00082,119000,2023-01-24,PAID
REP000865,LN00083,77000,2023-05-26,PAID
REP000866,LN00083,77000,2023-06-24,PAID
REP000867,LN00083,77000,2023-07-23,PAID
REP000868,LN00083,77000,2023-08-21,PAID
REP000869,LN00083,77000,2023-09-25,PAID
REP000870,LN00083,77000,2023-10-24,PAID
REP000871,LN00083,77000,2023-11-23,PAID
REP000872,LN00083,77000,2023-12-20,PAID
REP000873,LN00083,77000,2024-01-26,PAID
REP000874,LN00083,77000,2024-02-24,PAID
REP000875,LN00083,77000,2024-03-23,PAID
REP000876,LN00083,77000,2024-04-18,PAID
REP000877,LN00083,77000,2024-05-23,PAID
REP000878,LN00083,77000,2024-06-22,PAID
REP000879,LN00083,77000,2024-07-24,PAID
REP000880,LN00083,77000,2024-08-21,PAID
REP000881,LN00083,77000,2024-09-17,PAID
REP000882,LN00083,77000,2024-10-18,PAID
REP000883,LN00083,77000,2024-11-14,PAID
REP000884,LN00083,77000,2024-12-16,PAID
REP000885,LN00083,77000,2025-01-13,PAID
REP000886,LN00083,77000,2025-02-13,PAID
REP000887,LN00083,77000,2025-03-19,PAID
REP000888,LN00083,77000,2025-04-12,PAID
REP000889,LN00084,229000,2022-05-24,PAID
REP000890,LN00084,229000,2022-06-21,PAID
REP000891,LN00084,229000,2022-07-20,PAID
REP000892,LN00084,229000,2022-08-16,PAID
REP000893,LN00084,229000,2022-09-16,PAID
REP000894,LN00084,229000,2022-10-13,PAID
REP000895,LN00085,12500,2020-02-04,PAID
REP000896,LN00085,12500,2020-03-04,PAID
REP000897,LN00085,12500,2020-04-06,PAID
REP000898,LN00085,12500,2020-05-01,PAID
REP000899,LN00085,12500,2020-05-31,PAID
REP000900,LN00085,12500,2020-06-28,PAID
REP000901,LN00085,12500,2020-08-01,PAID
REP000902,LN00085,12500,2020-08-28,PAID
REP000903,LN00086,9000,2020-11-21,PAID
REP000904,LN00086,9000,2020-12-17,PAID
REP000905,LN00086,9000,2021-01-19,PAID
REP000906,LN00086,9000,2021-02-17,PAID
REP000907,LN00086,9000,2021-03-17,PAID
REP000908,LN00086,9000,2021-04-16,PAID
REP000909,LN00086,9000,2021-05-13,PAID
REP000910,LN00086,9000,2021-06-14,PAID
REP000911,LN00086,9000,2021-07-18,PAID
REP000912,LN00086,9000,2021-08-13,PAID
REP000913,LN00086,9000,2021-09-18,PAID
REP000914,LN00086,9000,2021-10-16,PAID
REP000915,LN00086,9000,2021-11-14,PAID
REP000916,LN00086,9000,2021-12-15,PAID
REP000917,LN00086,9000,2022-01-12,PAID
REP000918,LN00086,9000,2022-02-10,PAID
REP000919,LN00086,9000,2022-03-17,PAID
REP000920,LN00086,9000,2022-04-10,PAID
REP000921,LN00087,47500,2022-08-23,PAID
REP000922,LN00087,47500,2022-09-26,PAID
REP000923,LN00087,47500,2022-10-24,PAID
REP000924,LN00087,47500,2022-11-28,PAID
REP000925,LN00087,47500,2022-12-25,PAID
REP000926,LN00087,47500,2023-01-23,PAID
REP000927,LN00088,26000,2020-06-06,PAID
REP000928,LN00088,26000,2020-07-03,PAID
REP000929,LN00088,26000,2020-08-03,PAID
REP000930,LN00088,26000,2020-09-03,PAID
REP000931,LN00088,26000,2020-10-07,PAID
REP000932,LN00088,26000,2020-11-02,PAID
REP000933,LN00088,26000,2020-12-01,PAID
REP000934,LN00088,26000,2021-01-06,PAID
REP000935,LN00088,26000,2021-01-29,PAID
REP000936,LN00088,26000,2021-03-08,PAID
REP000937,LN00088,26000,2021-04-05,PAID
REP000938,LN00088,26000,2021-05-05,PAID
REP000939,LN00089,26000,2021-11-12,PAID
REP000940,LN00089,26000,2021-12-13,PAID
REP000941,LN00090,99000,2020-09-06,PAID
REP000942,LN00090,99000,2020-10-01,PAID
REP000943,LN00091,89000,2021-10-26,PAID
REP000944,LN00091,89000,2021-11-26,PAID
REP000945,LN00091,89000,2021-12-20,PAID
REP000946,LN00091,89000,2022-01-19,PAID
REP000947,LN00091,89000,2022-02-25,PAID
REP000948,LN00091,89000,2022-03-26,PAID
REP000949,LN00091,89000,2022-04-19,PAID
REP000950,LN00091,89000,2022-05-20,PAID
REP000951,LN00091,89000,2022-06-23,PAID
REP000952,LN00091,89000,2022-07-19,PAID
REP000953,LN00091,89000,2022-08-17,PAID
REP000954,LN00091,89000,2022-09-23,PAID
REP000955,LN00091,89000,2022-10-15,PAID
REP000956,LN00091,89000,2022-11-22,PAID
REP000957,LN00091,89000,2022-12-22,PAID
REP000958,LN00091,89000,2023-01-21,PAID
REP000959,LN00091,89000,2023-02-20,PAID
REP000960,LN00091,89000,2023-03-15,PAID
REP000961,LN00091,89000,2023-04-16,PAID
REP000962,LN00091,89000,2023-05-14,PAID
REP000963,LN00091,89000,2023-06-14,LATE
REP000964,LN00091,89000,2023-07-19,PAID
REP000965,LN00091,89000,2023-08-12,LATE
REP000966,LN00091,89000,2023-09-13,PAID
REP000967,LN00092,15500,2021-04-20,PAID
REP000968,LN00092,15500,2021-05-12,PAID
REP000969,LN00093,199000,2021-07-14,PAID
REP000970,LN00093,199000,2021-08-17,PAID
REP000971,LN00093,199000,2021-09-13,PAID
REP000972,LN00093,199000,2021-10-11,PAID
REP000973,LN00093,199000,2021-11-10,PAID
REP000974,LN00093,199000,2021-12-18,PAID
REP000975,LN00093,199000,2022-01-13,PAID
REP000976,LN00093,199000,2022-02-15,PAID
REP000977,LN00093,199000,2022-03-17,PAID
REP000978,LN00093,199000,2022-04-17,PAID
REP000979,LN00093,199000,2022-05-14,PAID
REP000980,LN00093,199000,2022-06-16,PAID
REP000981,LN00094,58500,2022-09-01,PAID
REP000982,LN00094,58500,2022-09-30,PAID
REP000983,LN00094,58500,2022-11-02,PAID
REP000984,LN00094,58500,2022-12-02,PAID
REP000985,LN00094,58500,2023-01-06,PAID
REP000986,LN00094,58500,2023-02-02,PAID
REP000987,LN00095,72000,2021-03-14,PAID
REP000988,LN00095,72000,2021-04-11,PAID
REP000989,LN00095,72000,2021-05-09,PAID
REP000990,LN00095,72000,2021-06-07,PAID
REP000991,LN00095,72000,2021-07-12,PAID
REP000992,LN00095,72000,2021-08-07,PAID
REP000993,LN00095,72000,2021-09-05,PAID
REP000994,LN00095,72000,2021-10-08,PAID
REP000995,LN00095,72000,2021-11-06,PAID
REP000996,LN00095,72000,2021-12-11,PAID
REP000997,LN00095,72000,2022-01-08,PAID
REP000998,LN00095,72000,2022-02-06,PAID
REP000999,LN00096,376500,2020-03-18,LATE
REP001000,LN00096,376500,2020-04-14,PAID
REP001001,LN00097,19000,2020-04-25,PAID
REP001002,LN00097,19000,2020-06-01,PAID
REP001003,LN00097,19000,2020-06-28,PAID
REP001004,LN00097,19000,2020-07-28,PAID
REP001005,LN00097,19000,2020-08-26,PAID
REP001006,LN00097,19000,2020-09-24,PAID
REP001007,LN00097,19000,2020-10-22,PAID
REP001008,LN00097,19000,2020-11-23,PAID
REP001009,LN00097,19000,2020-12-21,PAID
REP001010,LN00097,19000,2021-01-20,PAID
REP001011,LN00097,19000,2021-02-22,PAID
REP001012,LN00097,19000,2021-03-27,PAID
REP001013,LN00097,19000,2021-04-24,PAID
REP001014,LN00097,19000,2021-05-23,PAID
REP001015,LN00097,19000,2021-06-19,PAID
REP001016,LN00097,19000,2021-07-20,PAID
REP001017,LN00097,19000,2021-08-23,PAID
REP001018,LN00097,19000,2021-09-24,PAID
REP001019,LN00097,19000,2021-10-22,PAID
REP001020,LN00097,19000,2021-11-17,PAID
REP001021,LN00097,19000,2021-12-23,PAID
REP001022,LN00097,19000,2022-01-16,PAID
REP001023,LN00097,19000,2022-02-17,PAID
REP001024,LN00097,19000,2022-03-20,PAID
REP001025,LN00098,20000,2020-04-03,PAID
REP001026,LN00098,20000,2020-04-29,PAID
REP001027,LN00098,20000,2020-06-01,PAID
REP001028,LN00098,20000,2020-07-04,PAID
REP001029,LN00099,261000,2020-12-05,PAID
REP001030,LN00099,261000,2020-12-30,PAID
REP001031,LN00100,122500,2022-10-09,PAID
REP001032,LN00101,51000,2020-03-08,PAID
REP001033,LN00101,51000,2020-04-07,PAID
REP001034,LN00101,51000,2020-05-07,PAID
REP001035,LN00101,51000,2020-06-05,PAID
REP001036,LN00101,51000,2020-07-09,PAID
REP001037,LN00101,51000,2020-08-11,PAID
REP001038,LN00103,53500,2022-09-28,PAID
REP001039,LN00103,53500,2022-10-22,PAID
REP001040,LN00103,53500,2022-11-27,PAID
REP001041,LN00103,53500,2022-12-27,PAID
REP001042,LN00103,53500,2023-01-24,LATE
REP001043,LN00103,53500,2023-02-20,PAID
REP001044,LN00103,53500,2023-03-19,PAID
REP001045,LN00103,53500,2023-04-26,PAID
REP001046,LN00103,53500,2023-05-21,PAID
REP001047,LN00103,53500,2023-06-25,PAID
REP001048,LN00103,53500,2023-07-17,PAID
REP001049,LN00103,53500,2023-08-18,PAID
REP001050,LN00103,53500,2023-09-23,PAID
REP001051,LN00103,53500,2023-10-17,PAID
REP001052,LN00103,53500,2023-11-16,PAID
REP001053,LN00103,53500,2023-12-14,PAID
REP001054,LN00103,53500,2024-01-19,PAID
REP001055,LN00103,53500,2024-02-13,PAID
REP001056,LN00103,53500,2024-03-16,PAID
REP001057,LN00103,53500,2024-04-13,PAID
REP001058,LN00103,53500,2024-05-19,PAID
REP001059,LN00103,53500,2024-06-14,LATE
REP001060,LN00103,53500,2024-07-17,PAID
REP001061,LN00103,53500,2024-08-14,PAID
REP001062,LN00103,53500,2024-09-17,PAID
REP001063,LN00103,53500,2024-10-09,PAID
REP001064,LN00103,53500,2024-11-15,PAID
REP001065,LN00103,53500,2024-12-08,PAID
REP001066,LN00103,53500,2025-01-12,PAID
REP001067,LN00103,53500,2025-02-07,LATE
REP001068,LN00103,53500,2025-03-10,PAID
REP001069,LN00103,53500,2025-04-07,PAID
REP001070,LN00103,53500,2025-05-14,PAID
REP001071,LN00103,53500,2025-06-14,PAID
REP001072,LN00103,53500,2025-07-08,PAID
REP001073,LN00103,53500,2025-08-12,LATE
REP001074,LN00103,53500,2025-09-08,PAID
REP001075,LN00103,53500,2025-10-10,PAID
REP001076,LN00104,113500,2023-10-09,PAID
REP001077,LN00104,113500,2023-11-05,PAID
REP001078,LN00104,113500,2023-12-07,PAID
REP001079,LN00104,113500,2024-01-09,PAID
REP001080,LN00104,113500,2024-02-08,PAID
REP001081,LN00104,113500,2024-03-07,PAID
REP001082,LN00104,113500,2024-04-01,PAID
REP001083,LN00104,113500,2024-05-04,PAID
REP001084,LN00104,113500,2024-06-04,LATE
REP001085,LN00104,113500,2024-07-06,PAID
REP001086,LN00104,113500,2024-08-04,PAID
REP001087,LN00104,113500,2024-08-31,PAID
REP001088,LN00105,26500,2022-04-09,PAID
REP001089,LN00105,26500,2022-05-06,PAID
REP001090,LN00105,26500,2022-06-08,PAID
REP001091,LN00105,26500,2022-07-03,PAID
REP001092,LN00105,26500,2022-08-06,PAID
REP001093,LN00105,26500,2022-09-05,PAID
REP001094,LN00105,26500,2022-09-30,PAID
REP001095,LN00105,26500,2022-10-31,PAID
REP001096,LN00105,26500,2022-12-06,LATE
REP001097,LN00105,26500,2022-12-31,PAID
REP001098,LN00105,26500,2023-02-01,PAID
REP001099,LN00105,26500,2023-02-26,PAID
REP001100,LN00105,26500,2023-04-01,PAID
REP001101,LN00105,26500,2023-04-28,PAID
REP001102,LN00105,26500,2023-05-30,PAID
REP001103,LN00105,26500,2023-07-04,PAID
REP001104,LN00105,26500,2023-07-30,PAID
REP001105,LN00105,26500,2023-08-29,PAID
REP001106,LN00106,79500,2024-01-13,PAID
REP001107,LN00106,79500,2024-02-07,PAID
REP001108,LN00106,79500,2024-03-15,PAID
REP001109,LN00106,79500,2024-04-09,PAID
REP001110,LN00107,12000,2021-10-23,PAID
REP001111,LN00107,12000,2021-11-22,PAID
REP001112,LN00107,12000,2021-12-24,PAID
REP001113,LN00107,12000,2022-01-21,PAID
REP001114,LN00107,12000,2022-02-21,PAID
REP001115,LN00107,12000,2022-03-20,PAID
REP001116,LN00107,12000,2022-04-27,PAID
REP001117,LN00107,12000,2022-05-22,PAID
REP001118,LN00107,12000,2022-06-24,PAID
REP001119,LN00107,12000,2022-07-26,PAID
REP001120,LN00107,12000,2022-08-17,PAID
REP001121,LN00107,12000,2022-09-20,PAID
REP001122,LN00108,383500,2022-10-08,PAID
REP001123,LN00108,383500,2022-11-01,PAID
REP001124,LN00109,247500,2020-05-28,PAID
REP001125,LN00109,247500,2020-07-02,PAID
REP001126,LN00109,247500,2020-08-03,PAID
REP001127,LN00109,247500,2020-08-27,PAID
REP001128,LN00109,247500,2020-09-29,PAID
REP001129,LN00109,247500,2020-10-30,PAID
REP001130,LN00110,12500,2022-03-04,PAID
REP001131,LN00110,12500,2022-04-10,PAID
REP001132,LN00111,20000,2023-08-31,PAID
REP001133,LN00111,20000,2023-10-03,PAID
REP001134,LN00111,20000,2023-11-05,PAID
REP001135,LN00111,20000,2023-11-30,PAID
REP001136,LN00111,20000,2023-12-30,PAID
REP001137,LN00111,20000,2024-01-27,PAID
REP001138,LN00111,20000,2024-02-27,PAID
REP001139,LN00111,20000,2024-03-27,LATE
REP001140,LN00111,20000,2024-04-28,PAID
REP001141,LN00111,20000,2024-06-01,PAID
REP001142,LN00111,20000,2024-06-25,PAID
REP001143,LN00111,20000,2024-07-29,PAID
REP001144,LN00111,20000,2024-08-30,PAID
REP001145,LN00111,20000,2024-09-25,PAID
REP001146,LN00111,20000,2024-10-24,LATE
REP001147,LN00111,20000,2024-11-24,PAID
REP001148,LN00111,20000,2024-12-25,PAID
REP001149,LN00111,20000,2025-01-28,PAID
REP001150,LN00111,20000,2025-02-24,PAID
REP001151,LN00111,20000,2025-03-22,PAID
REP001152,LN00111,20000,2025-04-21,PAID
REP001153,LN00111,20000,2025-05-28,PAID
REP001154,LN00111,20000,2025-06-27,PAID
REP001155,LN00111,20000,2025-07-21,PAID
REP001156,LN00112,27000,2023-10-26,LATE
REP001157,LN00112,27000,2023-11-21,PAID
REP001158,LN00112,27000,2023-12-24,PAID
REP001159,LN00112,27000,2024-01-26,PAID
REP001160,LN00112,27000,2024-02-27,PAID
REP001161,LN00113,59500,2024-01-05,PAID
REP001162,LN00113,59500,2024-02-11,PAID
REP001163,LN00113,59500,2024-03-10,PAID
REP001164,LN00113,59500,2024-04-07,PAID
REP001165,LN00113,59500,2024-05-03,PAID
REP001166,LN00113,59500,2024-06-05,PAID
REP001167,LN00113,59500,2024-07-02,PAID
REP001168,LN00113,59500,2024-08-09,PAID
REP001169,LN00113,59500,2024-09-08,PAID
REP001170,LN00113,59500,2024-10-03,PAID
REP001171,LN00113,59500,2024-11-03,PAID
REP001172,LN00113,59500,2024-12-01,PAID
REP001173,LN00113,59500,2025-01-06,PAID
REP001174,LN00113,59500,2025-01-28,PAID
REP001175,LN00113,59500,2025-03-03,PAID
REP001176,LN00113,59500,2025-04-02,PAID
REP001177,LN00113,59500,2025-04-28,PAID
REP001178,LN00113,59500,2025-05-31,PAID
REP001179,LN00113,59500,2025-06-30,PAID
REP001180,LN00113,59500,2025-07-27,PAID
REP001181,LN00113,59500,2025-08-31,PAID
REP001182,LN00113,59500,2025-10-03,PAID
REP001183,LN00113,59500,2025-10-27,PAID
REP001184,LN00113,59500,2025-11-28,PAID
REP001185,LN00113,59500,2025-12-24,PAID
REP001186,LN00113,59500,2026-01-23,PAID
REP001187,LN00113,59500,2026-02-25,PAID
REP001188,LN00113,59500,2026-03-28,PAID
REP001189,LN00113,59500,2026-04-23,PAID
REP001190,LN00113,59500,2026-05-24,PAID
REP001191,LN00113,59500,2026-06-28,PAID
REP001192,LN00113,59500,2026-07-26,PAID
REP001193,LN00113,59500,2026-08-29,PAID
REP001194,LN00113,59500,2026-09-27,PAID
REP001195,LN00113,59500,2026-10-24,PAID
REP001196,LN00113,59500,2026-11-25,PAID
REP001197,LN00114,25500,2023-07-09,PAID
REP001198,LN00114,25500,2023-08-09,PAID
REP001199,LN00115,89500,2022-01-09,PAID
REP001200,LN00115,89500,2022-02-08,PAID
REP001201,LN00115,89500,2022-03-15,PAID
REP001202,LN00115,89500,2022-04-09,PAID
REP001203,LN00115,89500,2022-05-07,PAID
REP001204,LN00115,89500,2022-06-08,PAID
REP001205,LN00115,89500,2022-07-09,PAID
REP001206,LN00115,89500,2022-08-06,PAID
REP001207,LN00115,89500,2022-09-11,PAID
REP001208,LN00115,89500,2022-10-10,PAID
REP001209,LN00115,89500,2022-11-11,PAID
REP001210,LN00115,89500,2022-12-03,PAID
REP001211,LN00115,89500,2023-01-08,PAID
REP001212,LN00115,89500,2023-02-02,PAID
REP001213,LN00115,89500,2023-03-03,PAID
REP001214,LN00115,89500,2023-04-03,PAID
REP001215,LN00115,89500,2023-05-02,PAID
REP001216,LN00115,89500,2023-06-01,PAID
REP001217,LN00116,36500,2020-02-28,PAID
REP001218,LN00116,36500,2020-03-26,PAID
REP001219,LN00118,8500,2022-01-18,PAID
REP001220,LN00119,129000,2022-08-11,PAID
REP001221,LN00119,129000,2022-09-15,PAID
REP001222,LN00119,129000,2022-10-08,PAID
REP001223,LN00119,129000,2022-11-11,PAID
REP001224,LN00119,129000,2022-12-08,LATE
REP001225,LN00119,129000,2023-01-06,PAID
REP001226,LN00119,129000,2023-02-09,PAID
REP001227,LN00119,129000,2023-03-13,PAID
REP001228,LN00120,77000,2021-01-10,PAID
REP001229,LN00121,49500,2023-06-03,PAID
REP001230,LN00121,49500,2023-07-01,PAID
REP001231,LN00121,49500,2023-08-02,PAID
REP001232,LN00121,49500,2023-08-27,PAID
REP001233,LN00121,49500,2023-09-26,PAID
REP001234,LN00121,49500,2023-10-29,PAID
REP001235,LN00121,49500,2023-11-29,PAID
REP001236,LN00121,49500,2023-12-25,PAID
REP001237,LN00121,49500,2024-01-25,PAID
REP001238,LN00121,49500,2024-03-01,PAID
REP001239,LN00121,49500,2024-03-25,PAID
REP001240,LN00121,49500,2024-04-24,PAID
REP001241,LN00121,49500,2024-05-26,PAID
REP001242,LN00121,49500,2024-06-25,PAID
REP001243,LN00121,49500,2024-07-22,PAID
REP001244,LN00121,49500,2024-08-27,PAID
REP001245,LN00121,49500,2024-09-23,PAID
REP001246,LN00121,49500,2024-10-20,PAID
REP001247,LN00121,49500,2024-11-20,PAID
REP001248,LN00121,49500,2024-12-20,PAID
REP001249,LN00121,49500,2025-01-23,PAID
REP001250,LN00121,49500,2025-02-23,PAID
REP001251,LN00121,49500,2025-03-19,PAID
REP001252,LN00121,49500,2025-04-21,PAID
REP001253,LN00121,49500,2025-05-22,PAID
REP001254,LN00121,49500,2025-06-18,PAID
REP001255,LN00121,49500,2025-07-21,PAID
REP001256,LN00121,49500,2025-08-21,PAID
REP001257,LN00121,49500,2025-09-20,PAID
REP001258,LN00121,49500,2025-10-19,PAID
REP001259,LN00121,49500,2025-11-16,PAID
REP001260,LN00121,49500,2025-12-21,PAID
REP001261,LN00121,49500,2026-01-20,PAID
REP001262,LN00121,49500,2026-02-19,PAID
REP001263,LN00121,49500,2026-03-19,PAID
REP001264,LN00121,49500,2026-04-18,PAID
REP001265,LN00122,92500,2020-05-19,PAID
REP001266,LN00122,92500,2020-06-18,PAID
REP001267,LN00122,92500,2020-07-18,PAID
REP001268,LN00122,92500,2020-08-14,PAID
REP001269,LN00122,92500,2020-09-20,PAID
REP001270,LN00122,92500,2020-10-14,PAID
REP001271,LN00123,14000,2021-10-03,PAID
REP001272,LN00123,14000,2021-10-30,PAID
REP001273,LN00123,14000,2021-11-29,PAID
REP001274,LN00123,14000,2022-01-04,PAID
REP001275,LN00123,14000,2022-02-01,PAID
REP001276,LN00123,14000,2022-02-28,PAID
REP001277,LN00123,14000,2022-03-29,PAID
REP001278,LN00123,14000,2022-04-28,PAID
REP001279,LN00123,14000,2022-05-26,PAID
REP001280,LN00123,14000,2022-07-01,PAID
REP001281,LN00123,14000,2022-07-26,PAID
REP001282,LN00123,14000,2022-08-25,PAID
REP001283,LN00124,44000,2022-02-06,LATE
REP001284,LN00124,44000,2022-03-11,PAID
REP001285,LN00124,44000,2022-04-08,PAID
REP001286,LN00124,44000,2022-05-11,PAID
REP001287,LN00124,44000,2022-06-06,PAID
REP001288,LN00124,44000,2022-07-06,PAID
REP001289,LN00125,78500,2020-08-17,PAID
REP001290,LN00125,78500,2020-09-17,PAID
REP001291,LN00125,78500,2020-10-12,PAID
REP001292,LN00126,52000,2024-06-22,PAID
REP001293,LN00126,52000,2024-07-22,PAID
REP001294,LN00126,52000,2024-08-23,PAID
REP001295,LN00127,21000,2022-03-03,PAID
REP001296,LN00128,11500,2021-08-08,PAID
REP001297,LN00128,11500,2021-09-03,PAID
REP001298,LN00128,11500,2021-10-07,PAID
REP001299,LN00128,11500,2021-11-01,PAID
REP001300,LN00128,11500,2021-11-30,PAID
REP001301,LN00128,11500,2021-12-29,PAID
REP001302,LN00128,11500,2022-01-29,PAID
REP001303,LN00128,11500,2022-03-04,PAID
REP001304,LN00128,11500,2022-03-31,PAID
REP001305,LN00128,11500,2022-05-05,PAID
REP001306,LN00128,11500,2022-05-28,PAID
REP001307,LN00128,11500,2022-07-03,PAID
REP001308,LN00128,11500,2022-08-01,PAID
REP001309,LN00128,11500,2022-08-27,PAID
REP001310,LN00128,11500,2022-09-29,PAID
REP001311,LN00129,39000,2022-05-27,PAID
REP001312,LN00129,39000,2022-06-24,PAID
REP001313,LN00129,39000,2022-07-28,LATE
REP001314,LN00129,39000,2022-08-26,PAID
REP001315,LN00129,39000,2022-09-22,PAID
REP001316,LN00129,39000,2022-10-21,PAID
REP001317,LN00129,39000,2022-11-24,PAID
REP001318,LN00129,39000,2022-12-23,PAID
REP001319,LN00129,39000,2023-01-19,PAID
REP001320,LN00129,39000,2023-02-19,PAID
REP001321,LN00129,39000,2023-03-20,PAID
REP001322,LN00129,39000,2023-04-26,LATE
REP001323,LN00129,39000,2023-05-24,PAID
REP001324,LN00129,39000,2023-06-22,LATE
REP001325,LN00129,39000,2023-07-23,PAID
REP001326,LN00129,39000,2023-08-23,PAID
REP001327,LN00129,39000,2023-09-21,PAID
REP001328,LN00129,39000,2023-10-21,PAID
REP001329,LN00129,39000,2023-11-16,PAID
REP001330,LN00129,39000,2023-12-23,PAID
REP001331,LN00129,39000,2024-01-16,LATE
REP001332,LN00129,39000,2024-02-19,PAID
REP001333,LN00129,39000,2024-03-14,PAID
REP001334,LN00129,39000,2024-04-15,PAID
REP001335,LN00129,39000,2024-05-14,PAID
REP001336,LN00129,39000,2024-06-13,PAID
REP001337,LN00129,39000,2024-07-15,PAID
REP001338,LN00129,39000,2024-08-13,PAID
REP001339,LN00129,39000,2024-09-12,PAID
REP001340,LN00129,39000,2024-10-18,PAID
REP001341,LN00129,39000,2024-11-17,PAID
REP001342,LN00129,39000,2024-12-14,PAID
REP001343,LN00129,39000,2025-01-10,PAID
REP001344,LN00129,39000,2025-02-12,PAID
REP001345,LN00129,39000,2025-03-15,LATE
REP001346,LN00129,39000,2025-04-14,PAID
REP001347,LN00130,92000,2023-12-06,PAID
REP001348,LN00130,92000,2024-01-11,PAID
REP001349,LN00130,92000,2024-02-03,PAID
REP001350,LN00130,92000,2024-03-08,PAID
REP001351,LN00130,92000,2024-04-04,PAID
REP001352,LN00130,92000,2024-05-10,PAID
REP001353,LN00130,92000,2024-06-06,PAID
REP001354,LN00130,92000,2024-07-06,PAID
REP001355,LN00130,92000,2024-08-06,PAID
REP001356,LN00130,92000,2024-09-02,PAID
REP001357,LN00131,47500,2023-04-15,PAID
REP001358,LN00131,47500,2023-05-15,PAID
REP001359,LN00131,47500,2023-06-17,PAID
REP001360,LN00131,47500,2023-07-12,PAID
REP001361,LN00131,47500,2023-08-16,LATE
REP001362,LN00131,47500,2023-09-12,PAID
REP001363,LN00131,47500,2023-10-10,PAID
REP001364,LN00131,47500,2023-11-15,PAID
REP001365,LN00131,47500,2023-12-12,PAID
REP001366,LN00131,47500,2024-01-12,PAID
REP001367,LN00131,47500,2024-02-09,PAID
REP001368,LN00131,47500,2024-03-06,PAID
REP001369,LN00131,47500,2024-04-05,PAID
REP001370,LN00131,47500,2024-05-08,PAID
REP001371,LN00131,47500,2024-06-12,LATE
REP001372,LN00132,30000,2021-01-08,PAID
REP001373,LN00132,30000,2021-02-09,PAID
REP001374,LN00132,30000,2021-03-08,PAID
REP001375,LN00132,30000,2021-04-11,PAID
REP001376,LN00132,30000,2021-05-09,PAID
REP001377,LN00132,30000,2021-06-11,PAID
REP001378,LN00132,30000,2021-07-10,PAID
REP001379,LN00132,30000,2021-08-04,PAID
REP001380,LN00132,30000,2021-09-07,PAID
REP001381,LN00132,30000,2021-10-04,PAID
REP001382,LN00132,30000,2021-11-01,PAID
REP001383,LN00132,30000,2021-12-07,PAID
REP001384,LN00132,30000,2022-01-06,PAID
REP001385,LN00133,56500,2023-08-04,PAID
REP001386,LN00133,56500,2023-09-10,PAID
REP001387,LN00133,56500,2023-10-06,PAID
REP001388,LN00134,39000,2022-04-07,PAID
REP001389,LN00134,39000,2022-05-06,PAID
REP001390,LN00135,44500,2024-06-22,PAID
REP001391,LN00135,44500,2024-07-18,PAID
REP001392,LN00135,44500,2024-08-20,PAID
REP001393,LN00135,44500,2024-09-15,PAID
REP001394,LN00135,44500,2024-10-14,PAID
REP001395,LN00135,44500,2024-11-13,PAID
REP001396,LN00135,44500,2024-12-19,PAID
REP001397,LN00135,44500,2025-01-19,PAID
REP001398,LN00135,44500,2025-02-14,PAID
REP001399,LN00135,44500,2025-03-12,PAID
REP001400,LN00135,44500,2025-04-17,PAID
REP001401,LN00135,44500,2025-05-15,PAID
REP001402,LN00135,44500,2025-06-15,PAID
REP001403,LN00135,44500,2025-07-17,PAID
REP001404,LN00135,44500,2025-08-11,PAID
REP001405,LN00135,44500,2025-09-14,PAID
REP001406,LN00135,44500,2025-10-14,PAID
REP001407,LN00135,44500,2025-11-15,PAID
REP001408,LN00135,44500,2025-12-10,PAID
REP001409,LN00135,44500,2026-01-08,PAID
REP001410,LN00135,44500,2026-02-10,LATE
REP001411,LN00135,44500,2026-03-14,PAID
REP001412,LN00135,44500,2026-04-13,PAID
REP001413,LN00135,44500,2026-05-07,PAID
REP001414,LN00136,362500,2023-03-29,PAID
REP001415,LN00136,362500,2023-04-24,PAID
REP001416,LN00136,362500,2023-05-26,PAID
REP001417,LN00137,64000,2023-10-01,LATE
REP001418,LN00137,64000,2023-11-02,PAID
REP001419,LN00137,64000,2023-12-07,PAID
REP001420,LN00137,64000,2024-01-04,PAID
REP001421,LN00137,64000,2024-01-31,PAID
REP001422,LN00137,64000,2024-02-27,PAID
REP001423,LN00137,64000,2024-04-02,LATE
REP001424,LN00137,64000,2024-05-01,PAID
REP001425,LN00137,64000,2024-05-28,PAID
REP001426,LN00137,64000,2024-07-03,PAID
REP001427,LN00137,64000,2024-07-31,PAID
REP001428,LN00138,72500,2020-04-22,PAID
REP001429,LN00138,72500,2020-05-21,PAID
REP001430,LN00138,72500,2020-06-17,PAID
REP001431,LN00138,72500,2020-07-20,PAID
REP001432,LN00138,72500,2020-08-16,PAID
REP001433,LN00138,72500,2020-09-19,PAID
REP001434,LN00138,72500,2020-10-19,PAID
REP001435,LN00138,72500,2020-11-13,PAID
REP001436,LN00138,72500,2020-12-13,PAID
REP001437,LN00140,108000,2020-11-04,PAID
REP001438,LN00140,108000,2020-12-06,PAID
REP001439,LN00140,108000,2021-01-04,PAID
REP001440,LN00140,108000,2021-01-27,PAID
REP001441,LN00140,108000,2021-03-04,PAID
REP001442,LN00140,108000,2021-04-04,PAID
REP001443,LN00140,108000,2021-04-28,PAID
REP001444,LN00140,108000,2021-06-03,PAID
REP001445,LN00140,108000,2021-07-01,PAID
REP001446,LN00140,108000,2021-08-02,PAID
REP001447,LN00140,108000,2021-08-31,LATE
REP001448,LN00140,108000,2021-09-29,PAID
REP001449,LN00140,108000,2021-11-01,PAID
REP001450,LN00140,108000,2021-11-27,PAID
REP001451,LN00140,108000,2021-12-29,PAID
REP001452,LN00140,108000,2022-01-22,PAID
REP001453,LN00140,108000,2022-02-27,LATE
REP001454,LN00140,108000,2022-03-23,PAID
REP001455,LN00141,155500,2022-07-28,PAID
REP001456,LN00141,155500,2022-08-24,PAID
REP001457,LN00142,298500,2020-12-24,PAID
REP001458,LN00142,298500,2021-01-23,PAID
REP001459,LN00142,298500,2021-02-22,PAID
REP001460,LN00142,298500,2021-03-24,PAID
REP001461,LN00142,298500,2021-04-23,PAID
REP001462,LN00142,298500,2021-05-19,PAID
REP001463,LN00143,55000,2021-03-05,PAID
REP001464,LN00143,55000,2021-03-30,PAID
REP001465,LN00144,42500,2022-02-22,PAID
REP001466,LN00144,42500,2022-03-28,PAID
REP001467,LN00144,42500,2022-04-25,PAID
REP001468,LN00144,42500,2022-05-23,PAID
REP001469,LN00144,42500,2022-06-23,PAID
REP001470,LN00144,42500,2022-07-20,PAID
REP001471,LN00144,42500,2022-08-21,LATE
REP001472,LN00144,42500,2022-09-26,PAID
REP001473,LN00144,42500,2022-10-19,PAID
REP001474,LN00144,42500,2022-11-17,PAID
REP001475,LN00144,42500,2022-12-19,PAID
REP001476,LN00144,42500,2023-01-21,PAID
REP001477,LN00144,42500,2023-02-18,PAID
REP001478,LN00144,42500,2023-03-25,PAID
REP001479,LN00144,42500,2023-04-22,PAID
REP001480,LN00144,42500,2023-05-16,PAID
REP001481,LN00144,42500,2023-06-17,PAID
REP001482,LN00144,42500,2023-07-16,PAID
REP001483,LN00144,42500,2023-08-15,PAID
REP001484,LN00144,42500,2023-09-17,PAID
REP001485,LN00144,42500,2023-10-15,PAID
REP001486,LN00144,42500,2023-11-19,PAID
REP001487,LN00144,42500,2023-12-15,PAID
REP001488,LN00144,42500,2024-01-18,PAID
REP001489,LN00145,13500,2022-10-31,PAID
REP001490,LN00145,13500,2022-11-25,PAID
REP001491,LN00145,13500,2022-12-30,PAID
REP001492,LN00145,13500,2023-01-28,PAID
REP001493,LN00145,13500,2023-03-01,PAID
REP001494,LN00145,13500,2023-03-26,PAID
REP001495,LN00145,13500,2023-04-25,PAID
REP001496,LN00145,13500,2023-05-23,PAID
REP001497,LN00145,13500,2023-06-27,PAID
REP001498,LN00145,13500,2023-07-29,PAID
REP001499,LN00145,13500,2023-08-29,LATE
REP001500,LN00145,13500,2023-09-28,PAID
REP001501,LN00145,13500,2023-10-21,PAID
REP001502,LN00145,13500,2023-11-19,PAID
REP001503,LN00145,13500,2023-12-27,PAID
REP001504,LN00145,13500,2024-01-20,PAID
REP001505,LN00145,13500,2024-02-22,PAID
REP001506,LN00145,13500,2024-03-21,LATE
REP001507,LN00145,13500,2024-04-19,PAID
REP001508,LN00145,13500,2024-05-19,PAID
REP001509,LN00145,13500,2024-06-23,PAID
REP001510,LN00145,13500,2024-07-17,PAID
REP001511,LN00145,13500,2024-08-23,PAID
REP001512,LN00145,13500,2024-09-21,PAID
REP001513,LN00145,13500,2024-10-21,PAID
REP001514,LN00145,13500,2024-11-19,PAID
REP001515,LN00145,13500,2024-12-17,PAID
REP001516,LN00145,13500,2025-01-16,PAID
REP001517,LN00145,13500,2025-02-12,PAID
REP001518,LN00145,13500,2025-03-17,PAID
REP001519,LN00145,13500,2025-04-15,PAID
REP001520,LN00145,13500,2025-05-19,PAID
REP001521,LN00145,13500,2025-06-18,PAID
REP001522,LN00145,13500,2025-07-15,PAID
REP001523,LN00145,13500,2025-08-11,PAID
REP001524,LN00145,13500,2025-09-15,PAID
REP001525,LN00146,41500,2021-01-01,PAID
REP001526,LN00146,41500,2021-01-27,PAID
REP001527,LN00146,41500,2021-02-25,PAID
REP001528,LN00146,41500,2021-03-31,PAID
REP001529,LN00146,41500,2021-04-30,PAID
REP001530,LN00146,41500,2021-06-03,PAID
REP001531,LN00147,59000,2023-09-15,PAID
REP001532,LN00148,167500,2020-10-29,PAID
REP001533,LN00148,167500,2020-11-25,PAID
REP001534,LN00148,167500,2020-12-24,PAID
REP001535,LN00148,167500,2021-01-27,PAID
REP001536,LN00148,167500,2021-02-26,PAID
REP001537,LN00148,167500,2021-03-28,PAID
REP001538,LN00148,167500,2021-04-27,PAID
REP001539,LN00148,167500,2021-05-27,PAID
REP001540,LN00148,167500,2021-06-29,PAID
REP001541,LN00148,167500,2021-07-25,PAID
REP001542,LN00148,167500,2021-08-28,PAID
REP001543,LN00148,167500,2021-09-27,PAID
REP001544,LN00149,49000,2022-06-14,PAID
REP001545,LN00149,49000,2022-07-19,PAID
REP001546,LN00149,49000,2022-08-18,PAID
REP001547,LN00149,49000,2022-09-16,PAID
REP001548,LN00149,49000,2022-10-11,PAID
REP001549,LN00149,49000,2022-11-17,LATE
REP001550,LN00149,49000,2022-12-14,PAID
REP001551,LN00149,49000,2023-01-10,PAID
REP001552,LN00149,49000,2023-02-13,PAID
REP001553,LN00149,49000,2023-03-13,PAID
REP001554,LN00150,416500,2020-08-28,LATE
REP001555,LN00150,416500,2020-09-23,PAID
REP001556,LN00150,416500,2020-10-27,PAID
REP001557,LN00150,416500,2020-11-28,LATE
REP001558,LN00150,416500,2020-12-30,PAID
REP001559,LN00150,416500,2021-01-21,PAID
REP001560,LN00151,34000,2023-11-29,PAID
REP001561,LN00151,34000,2023-12-30,PAID
REP001562,LN00151,34000,2024-02-03,PAID
REP001563,LN00151,34000,2024-03-02,PAID
REP001564,LN00151,34000,2024-04-02,PAID
REP001565,LN00151,34000,2024-05-05,PAID
REP001566,LN00152,23000,2023-10-02,PAID
REP001567,LN00152,23000,2023-11-08,PAID
REP001568,LN00152,23000,2023-12-02,PAID
REP001569,LN00153,138000,2023-11-23,LATE
REP001570,LN00153,138000,2023-12-22,PAID
REP001571,LN00153,138000,2024-01-23,PAID
REP001572,LN00153,138000,2024-02-25,PAID
REP001573,LN00153,138000,2024-03-27,PAID
REP001574,LN00154,297500,2022-04-05,PAID
REP001575,LN00155,54000,2023-09-01,PAID
REP001576,LN00155,54000,2023-10-04,PAID
REP001577,LN00155,54000,2023-10-26,PAID
REP001578,LN00155,54000,2023-11-25,PAID
REP001579,LN00155,54000,2023-12-29,PAID
REP001580,LN00155,54000,2024-01-29,PAID
REP001581,LN00155,54000,2024-02-29,PAID
REP001582,LN00155,54000,2024-03-26,PAID
REP001583,LN00155,54000,2024-04-30,PAID
REP001584,LN00155,54000,2024-05-28,PAID
REP001585,LN00155,54000,2024-06-28,PAID
REP001586,LN00155,54000,2024-07-23,PAID
REP001587,LN00155,54000,2024-08-24,PAID
REP001588,LN00155,54000,2024-09-27,PAID
REP001589,LN00155,54000,2024-10-25,PAID
REP001590,LN00155,54000,2024-11-26,PAID
REP001591,LN00155,54000,2024-12-23,PAID
REP001592,LN00155,54000,2025-01-19,PAID
REP001593,LN00155,54000,2025-02-20,PAID
REP001594,LN00155,54000,2025-03-22,PAID
REP001595,LN00155,54000,2025-04-19,PAID
REP001596,LN00155,54000,2025-05-18,PAID
REP001597,LN00155,54000,2025-06-20,PAID
REP001598,LN00155,54000,2025-07-23,PAID
REP001599,LN00156,77500,2020-08-15,PAID
REP001600,LN00156,77500,2020-09-21,PAID
REP001601,LN00156,77500,2020-10-18,PAID
REP001602,LN00156,77500,2020-11-16,PAID
REP001603,LN00156,77500,2020-12-14,PAID
REP001604,LN00156,77500,2021-01-12,PAID
REP001605,LN00156,77500,2021-02-13,PAID
REP001606,LN00156,77500,2021-03-18,PAID
REP001607,LN00156,77500,2021-04-19,PAID
REP001608,LN00156,77500,2021-05-17,PAID
REP001609,LN00156,77500,2021-06-14,PAID
REP001610,LN00156,77500,2021-07-14,PAID
REP001611,LN00156,77500,2021-08-10,PAID
REP001612,LN00156,77500,2021-09-09,PAID
REP001613,LN00156,77500,2021-10-11,LATE
REP001614,LN00156,77500,2021-11-14,PAID
REP001615,LN00156,77500,2021-12-07,PAID
REP001616,LN00156,77500,2022-01-14,PAID
REP001617,LN00156,77500,2022-02-09,PAID
REP001618,LN00156,77500,2022-03-15,PAID
REP001619,LN00156,77500,2022-04-12,PAID
REP001620,LN00156,77500,2022-05-12,PAID
REP001621,LN00156,77500,2022-06-13,PAID
REP001622,LN00156,77500,2022-07-12,PAID
REP001623,LN00157,153500,2023-09-29,PAID
REP001624,LN00158,33000,2021-07-17,PAID
REP001625,LN00158,33000,2021-08-19,PAID
REP001626,LN00158,33000,2021-09-16,PAID
REP001627,LN00158,33000,2021-10-19,PAID
REP001628,LN00158,33000,2021-11-12,PAID
REP001629,LN00158,33000,2021-12-14,PAID
REP001630,LN00158,33000,2022-01-13,PAID
REP001631,LN00158,33000,2022-02-09,PAID
REP001632,LN00158,33000,2022-03-14,PAID
REP001633,LN00158,33000,2022-04-11,PAID
REP001634,LN00158,33000,2022-05-16,PAID
REP001635,LN00158,33000,2022-06-10,PAID
REP001636,LN00158,33000,2022-07-13,PAID
REP001637,LN00158,33000,2022-08-10,PAID
REP001638,LN00159,60500,2021-03-05,PAID
REP001639,LN00159,60500,2021-04-04,PAID
REP001640,LN00159,60500,2021-05-01,PAID
REP001641,LN00159,60500,2021-06-06,PAID
REP001642,LN00159,60500,2021-07-02,PAID
REP001643,LN00159,60500,2021-07-30,PAID
REP001644,LN00159,60500,2021-09-02,PAID
REP001645,LN00159,60500,2021-09-29,PAID
REP001646,LN00159,60500,2021-11-03,PAID
REP001647,LN00159,60500,2021-11-26,PAID
REP001648,LN00159,60500,2021-12-30,PAID
REP001649,LN00159,60500,2022-01-27,PAID
REP001650,LN00161,104000,2021-11-10,PAID
REP001651,LN00161,104000,2021-12-05,PAID
REP001652,LN00161,104000,2022-01-07,PAID
REP001653,LN00161,104000,2022-02-03,PAID
REP001654,LN00161,104000,2022-03-09,PAID
REP001655,LN00162,106500,2022-08-18,PAID
REP001656,LN00162,106500,2022-09-11,PAID
REP001657,LN00162,106500,2022-10-10,PAID
REP001658,LN00162,106500,2022-11-13,PAID
REP001659,LN00162,106500,2022-12-13,PAID
REP001660,LN00162,106500,2023-01-11,PAID
REP001661,LN00162,106500,2023-02-10,PAID
REP001662,LN00162,106500,2023-03-08,PAID
REP001663,LN00162,106500,2023-04-11,PAID
REP001664,LN00162,106500,2023-05-15,PAID
REP001665,LN00162,106500,2023-06-13,PAID
REP001666,LN00162,106500,2023-07-14,PAID
REP001667,LN00162,106500,2023-08-05,PAID
REP001668,LN00162,106500,2023-09-10,PAID
REP001669,LN00162,106500,2023-10-06,PAID
REP001670,LN00162,106500,2023-11-03,PAID
REP001671,LN00162,106500,2023-12-09,PAID
REP001672,LN00162,106500,2024-01-03,PAID
REP001673,LN00163,44500,2020-10-20,PAID
REP001674,LN00163,44500,2020-11-26,PAID
REP001675,LN00163,44500,2020-12-25,PAID
REP001676,LN00163,44500,2021-01-25,PAID
REP001677,LN00163,44500,2021-02-21,PAID
REP001678,LN00163,44500,2021-03-24,PAID
REP001679,LN00163,44500,2021-04-21,PAID
REP001680,LN00163,44500,2021-05-17,PAID
REP001681,LN00163,44500,2021-06-21,PAID
REP001682,LN00163,44500,2021-07-17,PAID
REP001683,LN00163,44500,2021-08-22,PAID
REP001684,LN00163,44500,2021-09-19,PAID
REP001685,LN00163,44500,2021-10-14,PAID
REP001686,LN00163,44500,2021-11-15,PAID
REP001687,LN00163,44500,2021-12-15,PAID
REP001688,LN00163,44500,2022-01-16,PAID
REP001689,LN00163,44500,2022-02-13,PAID
REP001690,LN00163,44500,2022-03-17,PAID
REP001691,LN00163,44500,2022-04-16,LATE
REP001692,LN00163,44500,2022-05-12,PAID
REP001693,LN00163,44500,2022-06-12,PAID
REP001694,LN00163,44500,2022-07-15,LATE
REP001695,LN00163,44500,2022-08-15,PAID
REP001696,LN00163,44500,2022-09-09,LATE
REP001697,LN00163,44500,2022-10-11,PAID
REP001698,LN00163,44500,2022-11-12,PAID
REP001699,LN00163,44500,2022-12-16,PAID
REP001700,LN00163,44500,2023-01-15,PAID
REP001701,LN00163,44500,2023-02-07,PAID
REP001702,LN00163,44500,2023-03-10,PAID
REP001703,LN00163,44500,2023-04-10,PAID
REP001704,LN00163,44500,2023-05-08,PAID
REP001705,LN00163,44500,2023-06-06,PAID
REP001706,LN00163,44500,2023-07-11,PAID
REP001707,LN00163,44500,2023-08-11,PAID
REP001708,LN00163,44500,2023-09-05,PAID
REP001709,LN00163,44500,2023-10-08,PAID
REP001710,LN00163,44500,2023-11-05,PAID
REP001711,LN00164,51000,2020-04-16,PAID
REP001712,LN00164,51000,2020-05-17,PAID
REP001713,LN00165,101000,2023-11-21,PAID
REP001714,LN00165,101000,2023-12-17,PAID
REP001715,LN00166,13000,2022-12-01,PAID
REP001716,LN00166,13000,2022-12-29,PAID
REP001717,LN00166,13000,2023-01-30,PAID
REP001718,LN00166,13000,2023-02-26,PAID
REP001719,LN00166,13000,2023-03-28,PAID
REP001720,LN00166,13000,2023-04-28,PAID
REP001721,LN00166,13000,2023-05-28,PAID
REP001722,LN00166,13000,2023-06-29,LATE
REP001723,LN00166,13000,2023-07-27,PAID
REP001724,LN00166,13000,2023-08-22,PAID
REP001725,LN00166,13000,2023-09-23,PAID
REP001726,LN00166,13000,2023-10-27,PAID
REP001727,LN00166,13000,2023-11-26,PAID
REP001728,LN00166,13000,2023-12-22,PAID
REP001729,LN00166,13000,2024-01-23,PAID
REP001730,LN00167,37000,2024-02-26,PAID
REP001731,LN00167,37000,2024-04-04,PAID
REP001732,LN00167,37000,2024-04-26,PAID
REP001733,LN00167,37000,2024-05-30,PAID
REP001734,LN00167,37000,2024-06-26,PAID
REP001735,LN00167,37000,2024-07-26,PAID
REP001736,LN00167,37000,2024-08-31,PAID
REP001737,LN00167,37000,2024-09-23,PAID
REP001738,LN00167,37000,2024-10-31,PAID
REP001739,LN00167,37000,2024-11-22,PAID
REP001740,LN00167,37000,2024-12-30,PAID
REP001741,LN00167,37000,2025-01-28,PAID
REP001742,LN00167,37000,2025-02-22,PAID
REP001743,LN00167,37000,2025-03-26,PAID
REP001744,LN00167,37000,2025-04-21,PAID
REP001745,LN00167,37000,2025-05-24,PAID
REP001746,LN00167,37000,2025-06-20,PAID
REP001747,LN00167,37000,2025-07-21,PAID
REP001748,LN00167,37000,2025-08-22,PAID
REP001749,LN00167,37000,2025-09-25,LATE
REP001750,LN00167,37000,2025-10-26,PAID
REP001751,LN00167,37000,2025-11-17,PAID
REP001752,LN00167,37000,2025-12-21,PAID
REP001753,LN00167,37000,2026-01-18,PAID
REP001754,LN00167,37000,2026-02-23,PAID
REP001755,LN00167,37000,2026-03-24,PAID
REP001756,LN00167,37000,2026-04-17,PAID
REP001757,LN00167,37000,2026-05-16,PAID
REP001758,LN00167,37000,2026-06-18,PAID
REP001759,LN00167,37000,2026-07-23,PAID
REP001760,LN00167,37000,2026-08-21,PAID
REP001761,LN00167,37000,2026-09-14,PAID
REP001762,LN00167,37000,2026-10-20,PAID
REP001763,LN00167,37000,2026-11-16,PAID
REP001764,LN00167,37000,2026-12-13,PAID
REP001765,LN00167,37000,2027-01-17,PAID
REP001766,LN00168,25500,2022-10-31,PAID
REP001767,LN00168,25500,2022-12-02,LATE
REP001768,LN00168,25500,2022-12-30,LATE
REP001769,LN00168,25500,2023-02-01,LATE
REP001770,LN00168,25500,2023-03-01,PAID
REP001771,LN00168,25500,2023-04-02,PAID
REP001772,LN00168,25500,2023-05-02,PAID
REP001773,LN00168,25500,2023-05-27,PAID
REP001774,LN00168,25500,2023-07-02,PAID
REP001775,LN00168,25500,2023-08-01,PAID
REP001776,LN00168,25500,2023-08-24,PAID
REP001777,LN00168,25500,2023-09-24,PAID
REP001778,LN00168,25500,2023-10-27,PAID
REP001779,LN00168,25500,2023-11-23,PAID
REP001780,LN00168,25500,2023-12-25,PAID
REP001781,LN00168,25500,2024-01-21,PAID
REP001782,LN00168,25500,2024-02-26,PAID
REP001783,LN00168,25500,2024-03-27,PAID
REP001784,LN00169,154000,2021-05-09,PAID
REP001785,LN00169,154000,2021-06-08,PAID
REP001786,LN00170,87500,2022-03-11,PAID
REP001787,LN00170,87500,2022-04-11,PAID
REP001788,LN00170,87500,2022-05-05,PAID
REP001789,LN00170,87500,2022-06-06,PAID
REP001790,LN00170,87500,2022-07-05,PAID
REP001791,LN00170,87500,2022-08-10,PAID
REP001792,LN00171,190000,2020-05-08,PAID
REP001793,LN00172,180000,2023-12-27,PAID
REP001794,LN00173,9500,2020-08-30,PAID
REP001795,LN00173,9500,2020-10-02,PAID
REP001796,LN00173,9500,2020-10-29,PAID
REP001797,LN00173,9500,2020-12-02,PAID
REP001798,LN00173,9500,2020-12-27,PAID
REP001799,LN00173,9500,2021-01-31,PAID
REP001800,LN00173,9500,2021-03-04,PAID
REP001801,LN00173,9500,2021-04-04,PAID
REP001802,LN00173,9500,2021-04-30,PAID
REP001803,LN00173,9500,2021-05-30,PAID
REP001804,LN00173,9500,2021-06-27,PAID
REP001805,LN00173,9500,2021-08-02,PAID
REP001806,LN00173,9500,2021-08-27,PAID
REP001807,LN00173,9500,2021-09-23,PAID
REP001808,LN00174,135500,2024-06-11,LATE
REP001809,LN00174,135500,2024-07-10,PAID
REP001810,LN00175,72500,2023-03-01,PAID
REP001811,LN00175,72500,2023-03-26,PAID
REP001812,LN00175,72500,2023-05-02,PAID
REP001813,LN00175,72500,2023-05-27,PAID
REP001814,LN00175,72500,2023-06-30,PAID
REP001815,LN00175,72500,2023-07-28,PAID
REP001816,LN00176,11500,2020-09-12,PAID
REP001817,LN00176,11500,2020-10-17,PAID
REP001818,LN00176,11500,2020-11-15,PAID
REP001819,LN00176,11500,2020-12-10,PAID
REP001820,LN00176,11500,2021-01-16,PAID
REP001821,LN00176,11500,2021-02-08,PAID
REP001822,LN00176,11500,2021-03-09,PAID
REP001823,LN00176,11500,2021-04-13,LATE
REP001824,LN00176,11500,2021-05-12,PAID
REP001825,LN00176,11500,2021-06-11,PAID
REP001826,LN00176,11500,2021-07-12,PAID
REP001827,LN00176,11500,2021-08-08,PAID
REP001828,LN00176,11500,2021-09-06,PAID
REP001829,LN00176,11500,2021-10-08,PAID
REP001830,LN00176,11500,2021-11-12,PAID
REP001831,LN00176,11500,2021-12-04,PAID
REP001832,LN00176,11500,2022-01-04,PAID
REP001833,LN00176,11500,2022-02-06,PAID
REP001834,LN00177,206000,2023-09-13,PAID
REP001835,LN00178,112000,2020-04-20,PAID
REP001836,LN00178,112000,2020-05-17,PAID
REP001837,LN00178,112000,2020-06-24,PAID
REP001838,LN00178,112000,2020-07-21,PAID
REP001839,LN00178,112000,2020-08-15,PAID
REP001840,LN00178,112000,2020-09-15,PAID
REP001841,LN00178,112000,2020-10-14,PAID
REP001842,LN00178,112000,2020-11-14,PAID
REP001843,LN00178,112000,2020-12-14,PAID
REP001844,LN00178,112000,2021-01-19,PAID
REP001845,LN00178,112000,2021-02-15,PAID
REP001846,LN00178,112000,2021-03-14,LATE
REP001847,LN00178,112000,2021-04-20,PAID
REP001848,LN00178,112000,2021-05-17,PAID
REP001849,LN00178,112000,2021-06-15,PAID
REP001850,LN00178,112000,2021-07-14,LATE
REP001851,LN00178,112000,2021-08-10,LATE
REP001852,LN00178,112000,2021-09-12,PAID
REP001853,LN00179,71000,2020-02-16,PAID
REP001854,LN00179,71000,2020-03-17,PAID
REP001855,LN00179,71000,2020-04-22,PAID
REP001856,LN00179,71000,2020-05-22,PAID
REP001857,LN00179,71000,2020-06-23,PAID
REP001858,LN00179,71000,2020-07-22,PAID
REP001859,LN00179,71000,2020-08-19,PAID
REP001860,LN00179,71000,2020-09-18,PAID
REP001861,LN00179,71000,2020-10-13,PAID
REP001862,LN00179,71000,2020-11-13,PAID
REP001863,LN00179,71000,2020-12-15,PAID
REP001864,LN00179,71000,2021-01-19,PAID
REP001865,LN00179,71000,2021-02-10,PAID
REP001866,LN00179,71000,2021-03-15,PAID
REP001867,LN00180,18500,2022-03-01,PAID
REP001868,LN00180,18500,2022-04-02,PAID
REP001869,LN00181,31000,2022-06-14,PAID
REP001870,LN00181,31000,2022-07-12,PAID
REP001871,LN00181,31000,2022-08-10,PAID
REP001872,LN00181,31000,2022-09-14,PAID
REP001873,LN00181,31000,2022-10-08,PAID
REP001874,LN00181,31000,2022-11-14,PAID
REP001875,LN00181,31000,2022-12-11,PAID
REP001876,LN00181,31000,2023-01-08,PAID
REP001877,LN00181,31000,2023-02-08,PAID
REP001878,LN00181,31000,2023-03-14,PAID
REP001879,LN00181,31000,2023-04-08,PAID
REP001880,LN00181,31000,2023-05-09,PAID
REP001881,LN00181,31000,2023-06-12,PAID
REP001882,LN00181,31000,2023-07-04,PAID
REP001883,LN00182,56000,2022-06-05,PAID
REP001884,LN00182,56000,2022-07-01,PAID
REP001885,LN00182,56000,2022-08-05,PAID
REP001886,LN00182,56000,2022-09-04,PAID
REP001887,LN00182,56000,2022-10-01,PAID
REP001888,LN00182,56000,2022-10-28,LATE
REP001889,LN00182,56000,2022-11-28,PAID
REP001890,LN00182,56000,2023-01-01,PAID
REP001891,LN00182,56000,2023-01-24,PAID
REP001892,LN00182,56000,2023-02-23,PAID
REP001893,LN00182,56000,2023-03-31,PAID
REP001894,LN00182,56000,2023-04-25,PAID
REP001895,LN00182,56000,2023-05-30,PAID
REP001896,LN00182,56000,2023-06-29,PAID
REP001897,LN00184,4500,2020-06-08,PAID
REP001898,LN00184,4500,2020-07-11,PAID
REP001899,LN00184,4500,2020-08-08,LATE
REP001900,LN00184,4500,2020-09-08,PAID
REP001901,LN00185,8000,2022-12-30,PAID
REP001902,LN00185,8000,2023-01-28,PAID
REP001903,LN00185,8000,2023-03-01,PAID
REP001904,LN00185,8000,2023-04-01,PAID
REP001905,LN00185,8000,2023-04-25,PAID
REP001906,LN00185,8000,2023-06-02,PAID
REP001907,LN00185,8000,2023-06-28,PAID
REP001908,LN00185,8000,2023-08-01,PAID
REP001909,LN00185,8000,2023-08-31,PAID
REP001910,LN00185,8000,2023-09-28,PAID
REP001911,LN00185,8000,2023-10-25,PAID
REP001912,LN00186,5000,2020-12-01,PAID
REP001913,LN00187,139000,2021-01-01,PAID
REP001914,LN00187,139000,2021-02-07,PAID
REP001915,LN00188,85500,2023-09-12,LATE
REP001916,LN00188,85500,2023-10-10,PAID
REP001917,LN00188,85500,2023-11-09,PAID
REP001918,LN00188,85500,2023-12-05,PAID
REP001919,LN00188,85500,2024-01-09,PAID
REP001920,LN00188,85500,2024-02-05,PAID
REP001921,LN00188,85500,2024-03-04,PAID
REP001922,LN00188,85500,2024-04-10,LATE
REP001923,LN00188,85500,2024-05-08,PAID
REP001924,LN00188,85500,2024-06-10,PAID
REP001925,LN00189,14000,2022-11-13,PAID
REP001926,LN00189,14000,2022-12-14,PAID
REP001927,LN00189,14000,2023-01-20,PAID
REP001928,LN00189,14000,2023-02-12,PAID
REP001929,LN00189,14000,2023-03-17,PAID
REP001930,LN00189,14000,2023-04-16,PAID
REP001931,LN00189,14000,2023-05-19,PAID
REP001932,LN00189,14000,2023-06-13,PAID
REP001933,LN00189,14000,2023-07-11,PAID
REP001934,LN00189,14000,2023-08-10,PAID
REP001935,LN00189,14000,2023-09-17,PAID
REP001936,LN00189,14000,2023-10-14,LATE
REP001937,LN00189,14000,2023-11-11,PAID
REP001938,LN00189,14000,2023-12-12,PAID
REP001939,LN00189,14000,2024-01-07,PAID
REP001940,LN00189,14000,2024-02-11,PAID
REP001941,LN00189,14000,2024-03-07,PAID
REP001942,LN00189,14000,2024-04-11,PAID
REP001943,LN00189,14000,2024-05-14,PAID
REP001944,LN00189,14000,2024-06-13,PAID
REP001945,LN00189,14000,2024-07-08,PAID
REP001946,LN00189,14000,2024-08-09,PAID
REP001947,LN00189,14000,2024-09-09,PAID
REP001948,LN00189,14000,2024-10-09,PAID
REP001949,LN00190,232500,2022-05-23,LATE
REP001950,LN00190,232500,2022-06-25,PAID
REP001951,LN00190,232500,2022-07-26,PAID
REP001952,LN00190,232500,2022-08-24,PAID
REP001953,LN00190,232500,2022-09-22,PAID
REP001954,LN00190,232500,2022-10-20,PAID
REP001955,LN00191,198500,2023-03-26,PAID
REP001956,LN00191,198500,2023-04-23,PAID
REP001957,LN00191,198500,2023-05-26,PAID
REP001958,LN00192,42000,2021-12-15,PAID
REP001959,LN00192,42000,2022-01-11,PAID
REP001960,LN00192,42000,2022-02-11,PAID
REP001961,LN00192,42000,2022-03-07,PAID
REP001962,LN00192,42000,2022-04-08,PAID
REP001963,LN00192,42000,2022-05-07,PAID
REP001964,LN00192,42000,2022-06-08,PAID
REP001965,LN00192,42000,2022-07-13,PAID
REP001966,LN00192,42000,2022-08-12,PAID
REP001967,LN00192,42000,2022-09-11,PAID
REP001968,LN00192,42000,2022-10-10,PAID
REP001969,LN00192,42000,2022-11-10,PAID
REP001970,LN00192,42000,2022-12-06,PAID
REP001971,LN00192,42000,2023-01-05,PAID
REP001972,LN00192,42000,2023-02-05,PAID
REP001973,LN00192,42000,2023-03-07,PAID
REP001974,LN00192,42000,2023-04-06,PAID
REP001975,LN00193,74000,2020-08-17,PAID
REP001976,LN00193,74000,2020-09-19,PAID
REP001977,LN00193,74000,2020-10-18,PAID
REP001978,LN00193,74000,2020-11-13,PAID
REP001979,LN00193,74000,2020-12-19,PAID
REP001980,LN00193,74000,2021-01-18,PAID
REP001981,LN00193,74000,2021-02-13,PAID
REP001982,LN00193,74000,2021-03-14,PAID
REP001983,LN00193,74000,2021-04-14,PAID
REP001984,LN00193,74000,2021-05-17,PAID
REP001985,LN00193,74000,2021-06-12,PAID
REP001986,LN00193,74000,2021-07-14,PAID
REP001987,LN00193,74000,2021-08-10,PAID
REP001988,LN00194,9000,2023-01-09,PAID
REP001989,LN00194,9000,2023-02-07,PAID
REP001990,LN00194,9000,2023-03-05,PAID
REP001991,LN00194,9000,2023-04-08,LATE
REP001992,LN00194,9000,2023-05-02,PAID
REP001993,LN00194,9000,2023-06-08,PAID
REP001994,LN00194,9000,2023-07-07,PAID
REP001995,LN00195,14000,2021-07-01,PAID
REP001996,LN00195,14000,2021-07-31,PAID
REP001997,LN00195,14000,2021-08-31,PAID
REP001998,LN00195,14000,2021-10-07,PAID
REP001999,LN00195,14000,2021-11-04,PAID
REP002000,LN00196,106000,2024-02-09,PAID
REP002001,LN00196,106000,2024-03-07,PAID
REP002002,LN00196,106000,2024-04-04,PAID
REP002003,LN00196,106000,2024-05-08,PAID
REP002004,LN00196,106000,2024-06-03,PAID
REP002005,LN00196,106000,2024-07-02,PAID
REP002006,LN00196,106000,2024-08-06,PAID
REP002007,LN00196,106000,2024-09-06,PAID
REP002008,LN00196,106000,2024-10-06,PAID
REP002009,LN00196,106000,2024-11-06,PAID
REP002010,LN00196,106000,2024-12-01,PAID
REP002011,LN00196,106000,2025-01-06,PAID
REP002012,LN00196,106000,2025-01-28,PAID
REP002013,LN00196,106000,2025-03-04,PAID
REP002014,LN00196,106000,2025-04-05,PAID
REP002015,LN00196,106000,2025-05-05,PAID
REP002016,LN00196,106000,2025-06-01,PAID
REP002017,LN00196,106000,2025-06-28,PAID
REP002018,LN00197,10500,2022-08-26,LATE
REP002019,LN00197,10500,2022-09-28,PAID
REP002020,LN00197,10500,2022-10-28,PAID
REP002021,LN00197,10500,2022-11-25,PAID
REP002022,LN00197,10500,2022-12-25,PAID
REP002023,LN00197,10500,2023-01-20,PAID
REP002024,LN00197,10500,2023-02-17,PAID
REP002025,LN00197,10500,2023-03-22,PAID
REP002026,LN00197,10500,2023-04-22,PAID
REP002027,LN00197,10500,2023-05-23,PAID
REP002028,LN00197,10500,2023-06-21,PAID
REP002029,LN00197,10500,2023-07-21,PAID
REP002030,LN00197,10500,2023-08-23,PAID
REP002031,LN00197,10500,2023-09-17,PAID
REP002032,LN00197,10500,2023-10-19,PAID
REP002033,LN00197,10500,2023-11-15,PAID
REP002034,LN00198,64500,2022-07-04,PAID
REP002035,LN00198,64500,2022-08-09,PAID
REP002036,LN00199,64000,2020-08-27,PAID
REP002037,LN00200,101000,2021-08-18,PAID
REP002038,LN00201,50000,2021-10-04,LATE
REP002039,LN00201,50000,2021-10-31,PAID
REP002040,LN00201,50000,2021-12-04,PAID
REP002041,LN00201,50000,2022-01-05,PAID
REP002042,LN00201,50000,2022-02-06,PAID
REP002043,LN00201,50000,2022-03-07,PAID
REP002044,LN00201,50000,2022-03-31,PAID
REP002045,LN00201,50000,2022-04-30,PAID
REP002046,LN00201,50000,2022-06-04,PAID
REP002047,LN00201,50000,2022-06-29,PAID
REP002048,LN00201,50000,2022-08-01,PAID
REP002049,LN00201,50000,2022-08-28,PAID
REP002050,LN00201,50000,2022-09-27,PAID
REP002051,LN00201,50000,2022-10-29,PAID
REP002052,LN00201,50000,2022-11-30,PAID
REP002053,LN00201,50000,2022-12-30,PAID
REP002054,LN00201,50000,2023-02-01,PAID
REP002055,LN00201,50000,2023-02-24,PAID
REP002056,LN00201,50000,2023-03-30,PAID
REP002057,LN00201,50000,2023-04-24,PAID
REP002058,LN00201,50000,2023-06-01,PAID
REP002059,LN00201,50000,2023-07-01,PAID
REP002060,LN00201,50000,2023-07-23,PAID
REP002061,LN00201,50000,2023-08-22,PAID
REP002062,LN00201,50000,2023-09-27,PAID
REP002063,LN00201,50000,2023-10-24,PAID
REP002064,LN00201,50000,2023-11-24,PAID
REP002065,LN00201,50000,2023-12-27,PAID
REP002066,LN00201,50000,2024-01-26,PAID
REP002067,LN00201,50000,2024-02-21,PAID
REP002068,LN00201,50000,2024-03-20,PAID
REP002069,LN00201,50000,2024-04-21,LATE
REP002070,LN00201,50000,2024-05-19,PAID
REP002071,LN00201,50000,2024-06-20,PAID
REP002072,LN00201,50000,2024-07-17,PAID
REP002073,LN00201,50000,2024-08-20,PAID
REP002074,LN00202,128000,2023-08-01,PAID
REP002075,LN00202,128000,2023-09-04,PAID
REP002076,LN00202,128000,2023-09-29,PAID
REP002077,LN00202,128000,2023-10-30,PAID
REP002078,LN00202,128000,2023-12-03,PAID
REP002079,LN00202,128000,2024-01-01,PAID
REP002080,LN00202,128000,2024-02-02,PAID
REP002081,LN00202,128000,2024-02-25,PAID
REP002082,LN00202,128000,2024-03-29,PAID
REP002083,LN00202,128000,2024-05-01,PAID
REP002084,LN00202,128000,2024-05-30,PAID
REP002085,LN00202,128000,2024-06-30,PAID
REP002086,LN00202,128000,2024-07-24,PAID
REP002087,LN00202,128000,2024-08-28,PAID
REP002088,LN00202,128000,2024-09-28,PAID
REP002089,LN00202,128000,2024-10-28,PAID
REP002090,LN00202,128000,2024-11-23,LATE
REP002091,LN00202,128000,2024-12-24,PAID
REP002092,LN00203,106500,2023-02-18,PAID
REP002093,LN00203,106500,2023-03-19,PAID
REP002094,LN00203,106500,2023-04-18,PAID
REP002095,LN00203,106500,2023-05-20,PAID
REP002096,LN00203,106500,2023-06-16,PAID
REP002097,LN00203,106500,2023-07-16,PAID
REP002098,LN00203,106500,2023-08-14,PAID
REP002099,LN00203,106500,2023-09-10,PAID
REP002100,LN00203,106500,2023-10-16,PAID
REP002101,LN00203,106500,2023-11-11,PAID
REP002102,LN00203,106500,2023-12-10,PAID
REP002103,LN00203,106500,2024-01-13,PAID
REP002104,LN00203,106500,2024-02-15,LATE
REP002105,LN00203,106500,2024-03-08,PAID
REP002106,LN00203,106500,2024-04-08,PAID
REP002107,LN00203,106500,2024-05-12,PAID
REP002108,LN00203,106500,2024-06-14,PAID
REP002109,LN00203,106500,2024-07-06,PAID
REP002110,LN00204,55500,2021-09-12,PAID
REP002111,LN00204,55500,2021-10-06,PAID
REP002112,LN00204,55500,2021-11-09,PAID
REP002113,LN00204,55500,2021-12-06,PAID
REP002114,LN00204,55500,2022-01-04,PAID
REP002115,LN00204,55500,2022-02-06,PAID
REP002116,LN00205,144000,2021-07-30,PAID
REP002117,LN00205,144000,2021-08-26,PAID
REP002118,LN00205,144000,2021-10-03,PAID
REP002119,LN00205,144000,2021-10-31,PAID
REP002120,LN00205,144000,2021-11-24,PAID
REP002121,LN00206,26000,2024-04-23,LATE
REP002122,LN00206,26000,2024-05-22,LATE
REP002123,LN00206,26000,2024-06-19,PAID
REP002124,LN00206,26000,2024-07-24,PAID
REP002125,LN00206,26000,2024-08-19,PAID
REP002126,LN00206,26000,2024-09-20,PAID
REP002127,LN00206,26000,2024-10-17,PAID
REP002128,LN00206,26000,2024-11-21,LATE
REP002129,LN00206,26000,2024-12-23,PAID
REP002130,LN00206,26000,2025-01-16,PAID
REP002131,LN00206,26000,2025-02-19,PAID
REP002132,LN00206,26000,2025-03-19,PAID
REP002133,LN00206,26000,2025-04-20,PAID
REP002134,LN00206,26000,2025-05-14,PAID
REP002135,LN00206,26000,2025-06-20,PAID
REP002136,LN00206,26000,2025-07-17,PAID
REP002137,LN00206,26000,2025-08-19,PAID
REP002138,LN00206,26000,2025-09-17,PAID
REP002139,LN00206,26000,2025-10-17,PAID
REP002140,LN00206,26000,2025-11-17,PAID
REP002141,LN00206,26000,2025-12-18,PAID
REP002142,LN00206,26000,2026-01-15,LATE
REP002143,LN00206,26000,2026-02-15,PAID
REP002144,LN00206,26000,2026-03-15,PAID
REP002145,LN00206,26000,2026-04-10,PAID
REP002146,LN00206,26000,2026-05-09,PAID
REP002147,LN00206,26000,2026-06-11,PAID
REP002148,LN00206,26000,2026-07-15,PAID
REP002149,LN00206,26000,2026-08-11,PAID
REP002150,LN00206,26000,2026-09-07,PAID
REP002151,LN00206,26000,2026-10-08,PAID
REP002152,LN00206,26000,2026-11-12,PAID
REP002153,LN00206,26000,2026-12-06,PAID
REP002154,LN00206,26000,2027-01-11,PAID
REP002155,LN00206,26000,2027-02-06,PAID
REP002156,LN00206,26000,2027-03-12,PAID
REP002157,LN00207,164000,2022-04-08,PAID
REP002158,LN00207,164000,2022-05-03,PAID
REP002159,LN00207,164000,2022-06-08,PAID
REP002160,LN00208,100500,2022-04-04,PAID
REP002161,LN00208,100500,2022-05-08,PAID
REP002162,LN00208,100500,2022-06-07,PAID
REP002163,LN00208,100500,2022-07-02,PAID
REP002164,LN00208,100500,2022-08-05,PAID
REP002165,LN00208,100500,2022-08-29,PAID
REP002166,LN00208,100500,2022-10-03,PAID
REP002167,LN00208,100500,2022-11-02,PAID
REP002168,LN00208,100500,2022-11-26,PAID
REP002169,LN00208,100500,2022-12-27,PAID
REP002170,LN00208,100500,2023-02-01,PAID
REP002171,LN00208,100500,2023-02-25,LATE
REP002172,LN00208,100500,2023-04-01,PAID
REP002173,LN00208,100500,2023-05-03,PAID
REP002174,LN00208,100500,2023-06-02,PAID
REP002175,LN00208,100500,2023-06-24,PAID
REP002176,LN00208,100500,2023-07-30,PAID
REP002177,LN00208,100500,2023-08-27,PAID
REP002178,LN00208,100500,2023-09-27,PAID
REP002179,LN00208,100500,2023-10-24,PAID
REP002180,LN00208,100500,2023-11-29,PAID
REP002181,LN00208,100500,2023-12-26,PAID
REP002182,LN00208,100500,2024-01-24,PAID
REP002183,LN00208,100500,2024-02-22,PAID
REP002184,LN00209,77000,2021-05-05,PAID
REP002185,LN00209,77000,2021-06-09,LATE
REP002186,LN00209,77000,2021-07-08,PAID
REP002187,LN00209,77000,2021-08-08,PAID
REP002188,LN00209,77000,2021-08-31,PAID
REP002189,LN00209,77000,2021-10-03,PAID
REP002190,LN00209,77000,2021-10-31,PAID
REP002191,LN00209,77000,2021-12-04,PAID
REP002192,LN00209,77000,2022-01-05,PAID
REP002193,LN00209,77000,2022-01-29,PAID
REP002194,LN00209,77000,2022-03-07,PAID
REP002195,LN00209,77000,2022-04-03,PAID
REP002196,LN00209,77000,2022-05-01,PAID
REP002197,LN00209,77000,2022-06-03,PAID
REP002198,LN00209,77000,2022-07-01,PAID
REP002199,LN00209,77000,2022-08-02,PAID
REP002200,LN00209,77000,2022-09-03,PAID
REP002201,LN00209,77000,2022-09-28,PAID
REP002202,LN00210,42500,2022-08-05,PAID
REP002203,LN00210,42500,2022-09-07,PAID
REP002204,LN00211,38500,2022-06-24,PAID
REP002205,LN00211,38500,2022-07-31,PAID
REP002206,LN00211,38500,2022-08-28,PAID
REP002207,LN00211,38500,2022-09-25,PAID
REP002208,LN00211,38500,2022-10-28,PAID
REP002209,LN00211,38500,2022-11-20,PAID
REP002210,LN00211,38500,2022-12-23,PAID
REP002211,LN00211,38500,2023-01-21,PAID
REP002212,LN00211,38500,2023-02-25,PAID
REP002213,LN00211,38500,2023-03-25,PAID
REP002214,LN00211,38500,2023-04-19,PAID
REP002215,LN00211,38500,2023-05-26,PAID
REP002216,LN00211,38500,2023-06-25,PAID
REP002217,LN00211,38500,2023-07-26,PAID
REP002218,LN00211,38500,2023-08-20,PAID
REP002219,LN00211,38500,2023-09-22,PAID
REP002220,LN00211,38500,2023-10-23,PAID
REP002221,LN00211,38500,2023-11-23,PAID
REP002222,LN00212,35500,2022-09-12,PAID
REP002223,LN00213,6500,2023-04-16,PAID
REP002224,LN00213,6500,2023-05-22,PAID
REP002225,LN00213,6500,2023-06-17,PAID
REP002226,LN00213,6500,2023-07-21,PAID
REP002227,LN00213,6500,2023-08-17,PAID
REP002228,LN00213,6500,2023-09-16,PAID
REP002229,LN00213,6500,2023-10-16,PAID
REP002230,LN00213,6500,2023-11-13,PAID
REP002231,LN00213,6500,2023-12-13,PAID
REP002232,LN00214,29500,2020-06-15,PAID
REP002233,LN00214,29500,2020-07-20,PAID
REP002234,LN00214,29500,2020-08-14,PAID
REP002235,LN00214,29500,2020-09-18,PAID
REP002236,LN00214,29500,2020-10-18,PAID
REP002237,LN00214,29500,2020-11-20,PAID
REP002238,LN00215,52000,2023-10-21,LATE
REP002239,LN00215,52000,2023-11-20,PAID
REP002240,LN00215,52000,2023-12-22,LATE
REP002241,LN00215,52000,2024-01-19,PAID
REP002242,LN00215,52000,2024-02-14,PAID
REP002243,LN00215,52000,2024-03-15,PAID
REP002244,LN00215,52000,2024-04-21,PAID
REP002245,LN00215,52000,2024-05-21,PAID
REP002246,LN00215,52000,2024-06-20,PAID
REP002247,LN00215,52000,2024-07-21,PAID
REP002248,LN00215,52000,2024-08-12,PAID
REP002249,LN00215,52000,2024-09-13,PAID
REP002250,LN00215,52000,2024-10-13,PAID
REP002251,LN00215,52000,2024-11-12,PAID
REP002252,LN00215,52000,2024-12-11,PAID
REP002253,LN00215,52000,2025-01-09,PAID
REP002254,LN00215,52000,2025-02-16,PAID
REP002255,LN00215,52000,2025-03-13,PAID
REP002256,LN00217,127500,2023-11-30,PAID
REP002257,LN00217,127500,2023-12-27,PAID
REP002258,LN00217,127500,2024-01-29,PAID
REP002259,LN00217,127500,2024-02-29,PAID
REP002260,LN00217,127500,2024-03-24,PAID
REP002261,LN00217,127500,2024-05-01,PAID
REP002262,LN00218,112000,2022-12-22,PAID
REP002263,LN00218,112000,2023-01-20,PAID
REP002264,LN00218,112000,2023-02-22,PAID
REP002265,LN00218,112000,2023-03-27,PAID
REP002266,LN00218,112000,2023-04-20,PAID
REP002267,LN00219,76500,2022-12-20,PAID
REP002268,LN00219,76500,2023-01-21,PAID
REP002269,LN00219,76500,2023-02-14,PAID
REP002270,LN00220,174500,2021-04-10,PAID
REP002271,LN00220,174500,2021-05-04,PAID
REP002272,LN00220,174500,2021-06-03,PAID
REP002273,LN00220,174500,2021-07-02,PAID
REP002274,LN00220,174500,2021-08-01,PAID
REP002275,LN00220,174500,2021-09-05,PAID
REP002276,LN00220,174500,2021-10-03,PAID
REP002277,LN00220,174500,2021-11-02,PAID
REP002278,LN00220,174500,2021-12-01,PAID
REP002279,LN00220,174500,2022-01-04,PAID
REP002280,LN00220,174500,2022-01-30,PAID
REP002281,LN00220,174500,2022-03-04,PAID
REP002282,LN00221,98000,2024-04-09,PAID
REP002283,LN00221,98000,2024-05-07,PAID
REP002284,LN00222,40500,2021-07-03,PAID
REP002285,LN00222,40500,2021-08-02,PAID
REP002286,LN00222,40500,2021-08-30,PAID
REP002287,LN00222,40500,2021-10-02,PAID
REP002288,LN00222,40500,2021-10-26,LATE
REP002289,LN00222,40500,2021-11-29,PAID
REP002290,LN00222,40500,2021-12-26,PAID
REP002291,LN00222,40500,2022-01-28,PAID
REP002292,LN00222,40500,2022-02-25,PAID
REP002293,LN00223,34500,2023-08-18,PAID
REP002294,LN00223,34500,2023-09-13,PAID
REP002295,LN00223,34500,2023-10-12,PAID
REP002296,LN00223,34500,2023-11-15,PAID
REP002297,LN00223,34500,2023-12-09,PAID
REP002298,LN00223,34500,2024-01-09,PAID
REP002299,LN00223,34500,2024-02-13,PAID
REP002300,LN00223,34500,2024-03-12,PAID
REP002301,LN00223,34500,2024-04-06,PAID
REP002302,LN00223,34500,2024-05-07,PAID
REP002303,LN00223,34500,2024-06-05,PAID
REP002304,LN00223,34500,2024-07-12,PAID
REP002305,LN00225,14500,2024-07-01,PAID
REP002306,LN00225,14500,2024-08-02,PAID
REP002307,LN00225,14500,2024-08-25,PAID
REP002308,LN00226,49000,2022-10-01,PAID
REP002309,LN00226,49000,2022-10-30,PAID
REP002310,LN00226,49000,2022-11-30,PAID
REP002311,LN00226,49000,2022-12-27,PAID
REP002312,LN00226,49000,2023-01-27,PAID
REP002313,LN00226,49000,2023-02-27,PAID
REP002314,LN00226,49000,2023-03-26,PAID
REP002315,LN00226,49000,2023-04-30,PAID
REP002316,LN00226,49000,2023-05-28,PAID
REP002317,LN00226,49000,2023-06-27,PAID
REP002318,LN00226,49000,2023-07-23,PAID
REP002319,LN00226,49000,2023-08-24,PAID
REP002320,LN00227,78000,2021-10-02,PAID
REP002321,LN00227,78000,2021-10-31,PAID
REP002322,LN00227,78000,2021-12-03,PAID
REP002323,LN00227,78000,2021-12-28,PAID
REP002324,LN00227,78000,2022-01-31,PAID
REP002325,LN00227,78000,2022-02-28,PAID
REP002326,LN00227,78000,2022-04-04,PAID
REP002327,LN00227,78000,2022-05-04,LATE
REP002328,LN00227,78000,2022-05-29,PAID
REP002329,LN00228,58000,2023-06-06,PAID
REP002330,LN00228,58000,2023-07-04,PAID
REP002331,LN00228,58000,2023-08-04,PAID
REP002332,LN00229,12500,2022-05-25,PAID
REP002333,LN00229,12500,2022-06-29,PAID
REP002334,LN00229,12500,2022-07-26,LATE
REP002335,LN00229,12500,2022-08-22,PAID
REP002336,LN00229,12500,2022-09-26,PAID
REP002337,LN00229,12500,2022-10-25,PAID
REP002338,LN00229,12500,2022-11-25,PAID
REP002339,LN00229,12500,2022-12-25,PAID
REP002340,LN00229,12500,2023-01-18,PAID
REP002341,LN00229,12500,2023-02-21,PAID
REP002342,LN00229,12500,2023-03-20,PAID
REP002343,LN00229,12500,2023-04-22,PAID
REP002344,LN00229,12500,2023-05-23,PAID
REP002345,LN00229,12500,2023-06-24,PAID
REP002346,LN00229,12500,2023-07-23,PAID
REP002347,LN00229,12500,2023-08-15,PAID
REP002348,LN00229,12500,2023-09-16,PAID
REP002349,LN00229,12500,2023-10-19,PAID
REP002350,LN00229,12500,2023-11-21,PAID
REP002351,LN00229,12500,2023-12-19,PAID
REP002352,LN00229,12500,2024-01-15,PAID
REP002353,LN00229,12500,2024-02-14,LATE
REP002354,LN00229,12500,2024-03-16,PAID
REP002355,LN00229,12500,2024-04-16,PAID
REP002356,LN00229,12500,2024-05-13,PAID
REP002357,LN00229,12500,2024-06-14,PAID
REP002358,LN00229,12500,2024-07-17,LATE
REP002359,LN00229,12500,2024-08-15,PAID
REP002360,LN00229,12500,2024-09-14,PAID
REP002361,LN00229,12500,2024-10-09,PAID
REP002362,LN00229,12500,2024-11-08,PAID
REP002363,LN00229,12500,2024-12-08,PAID
REP002364,LN00229,12500,2025-01-12,PAID
REP002365,LN00229,12500,2025-02-05,PAID
REP002366,LN00229,12500,2025-03-09,PAID
REP002367,LN00229,12500,2025-04-12,PAID
REP002368,LN00230,59500,2021-02-09,PAID
REP002369,LN00230,59500,2021-03-10,PAID
REP002370,LN00230,59500,2021-04-03,PAID
REP002371,LN00230,59500,2021-05-07,PAID
REP002372,LN00230,59500,2021-06-03,PAID
REP002373,LN00230,59500,2021-07-09,PAID
REP002374,LN00230,59500,2021-08-08,PAID
REP002375,LN00230,59500,2021-09-08,PAID
REP002376,LN00230,59500,2021-10-01,PAID
REP002377,LN00230,59500,2021-11-05,PAID
REP002378,LN00230,59500,2021-12-05,PAID
REP002379,LN00230,59500,2021-12-30,PAID
REP002380,LN00230,59500,2022-02-02,PAID
REP002381,LN00230,59500,2022-03-03,PAID
REP002382,LN00230,59500,2022-04-05,PAID
REP002383,LN00230,59500,2022-05-05,PAID
REP002384,LN00230,59500,2022-05-29,PAID
REP002385,LN00230,59500,2022-07-04,PAID
REP002386,LN00230,59500,2022-08-01,PAID
REP002387,LN00230,59500,2022-08-31,PAID
REP002388,LN00230,59500,2022-09-25,PAID
REP002389,LN00230,59500,2022-10-27,PAID
REP002390,LN00230,59500,2022-11-30,LATE
REP002391,LN00230,59500,2022-12-29,PAID
REP002392,LN00230,59500,2023-01-23,PAID
REP002393,LN00230,59500,2023-02-27,PAID
REP002394,LN00230,59500,2023-04-01,PAID
REP002395,LN00230,59500,2023-04-26,PAID
REP002396,LN00230,59500,2023-05-31,PAID
REP002397,LN00230,59500,2023-06-24,PAID
REP002398,LN00230,59500,2023-07-28,PAID
REP002399,LN00230,59500,2023-08-26,PAID
REP002400,LN00230,59500,2023-09-23,PAID
REP002401,LN00230,59500,2023-10-28,PAID
REP002402,LN00230,59500,2023-11-19,PAID
REP002403,LN00230,59500,2023-12-24,LATE
REP002404,LN00230,59500,2024-01-19,PAID
REP002405,LN00231,37000,2020-06-26,PAID
REP002406,LN00231,37000,2020-07-29,PAID
REP002407,LN00231,37000,2020-08-24,PAID
REP002408,LN00231,37000,2020-09-27,PAID
REP002409,LN00231,37000,2020-10-24,PAID
REP002410,LN00231,37000,2020-11-28,PAID
REP002411,LN00231,37000,2020-12-25,PAID
REP002412,LN00231,37000,2021-01-25,PAID
REP002413,LN00231,37000,2021-02-28,PAID
REP002414,LN00231,37000,2021-03-25,PAID
REP002415,LN00231,37000,2021-04-21,PAID
REP002416,LN00231,37000,2021-05-28,PAID
REP002417,LN00231,37000,2021-06-26,PAID
REP002418,LN00231,37000,2021-07-22,PAID
REP002419,LN00231,37000,2021-08-19,PAID
REP002420,LN00231,37000,2021-09-20,PAID
REP002421,LN00231,37000,2021-10-22,LATE
REP002422,LN00231,37000,2021-11-20,LATE
REP002423,LN00232,62500,2020-10-18,PAID
REP002424,LN00232,62500,2020-11-22,PAID
REP002425,LN00232,62500,2020-12-20,PAID
REP002426,LN00232,62500,2021-01-17,LATE
REP002427,LN00233,48500,2021-12-05,PAID
REP002428,LN00233,48500,2022-01-03,PAID
REP002429,LN00233,48500,2022-02-05,PAID
REP002430,LN00233,48500,2022-03-05,PAID
REP002431,LN00233,48500,2022-04-06,PAID
REP002432,LN00233,48500,2022-04-29,PAID
REP002433,LN00233,48500,2022-06-03,PAID
REP002434,LN00233,48500,2022-07-05,PAID
REP002435,LN00233,48500,2022-08-04,PAID
REP002436,LN00233,48500,2022-08-29,PAID
REP002437,LN00233,48500,2022-09-30,PAID
REP002438,LN00233,48500,2022-10-27,PAID
REP002439,LN00233,48500,2022-12-03,PAID
REP002440,LN00233,48500,2022-12-26,PAID
REP002441,LN00233,48500,2023-02-01,PAID
REP002442,LN00233,48500,2023-02-27,PAID
REP002443,LN00233,48500,2023-04-01,PAID
REP002444,LN00233,48500,2023-04-24,PAID
REP002445,LN00233,48500,2023-05-26,PAID
REP002446,LN00233,48500,2023-06-29,PAID
REP002447,LN00233,48500,2023-07-23,PAID
REP002448,LN00233,48500,2023-08-26,PAID
REP002449,LN00233,48500,2023-09-28,PAID
REP002450,LN00233,48500,2023-10-27,PAID
REP002451,LN00233,48500,2023-11-22,PAID
REP002452,LN00233,48500,2023-12-21,PAID
REP002453,LN00233,48500,2024-01-22,PAID
REP002454,LN00233,48500,2024-02-19,PAID
REP002455,LN00233,48500,2024-03-21,PAID
REP002456,LN00233,48500,2024-04-24,PAID
REP002457,LN00233,48500,2024-05-23,PAID
REP002458,LN00233,48500,2024-06-23,PAID
REP002459,LN00233,48500,2024-07-21,PAID
REP002460,LN00233,48500,2024-08-21,PAID
REP002461,LN00233,48500,2024-09-20,PAID
REP002462,LN00233,48500,2024-10-23,PAID
REP002463,LN00234,109000,2021-01-13,PAID
REP002464,LN00234,109000,2021-02-13,PAID
REP002465,LN00234,109000,2021-03-15,PAID
REP002466,LN00234,109000,2021-04-09,PAID
REP002467,LN00234,109000,2021-05-07,PAID
REP002468,LN00234,109000,2021-06-11,PAID
REP002469,LN00235,183500,2022-02-04,PAID
REP002470,LN00235,183500,2022-03-05,PAID
REP002471,LN00235,183500,2022-04-09,PAID
REP002472,LN00235,183500,2022-05-09,PAID
REP002473,LN00235,183500,2022-06-02,PAID
REP002474,LN00235,183500,2022-07-04,PAID
REP002475,LN00236,271500,2023-03-03,PAID
REP002476,LN00236,271500,2023-04-07,PAID
REP002477,LN00236,271500,2023-05-06,PAID
REP002478,LN00237,101500,2021-03-07,PAID
REP002479,LN00237,101500,2021-04-11,PAID
REP002480,LN00237,101500,2021-05-09,LATE
REP002481,LN00237,101500,2021-06-09,PAID
REP002482,LN00237,101500,2021-07-06,PAID
REP002483,LN00237,101500,2021-08-04,PAID
REP002484,LN00237,101500,2021-09-04,PAID
REP002485,LN00237,101500,2021-10-04,PAID
REP002486,LN00237,101500,2021-11-04,PAID
REP002487,LN00237,101500,2021-11-30,PAID
REP002488,LN00237,101500,2022-01-06,PAID
REP002489,LN00237,101500,2022-02-05,PAID
REP002490,LN00237,101500,2022-03-02,PAID
REP002491,LN00237,101500,2022-04-07,PAID
REP002492,LN00237,101500,2022-05-04,PAID
REP002493,LN00237,101500,2022-05-31,PAID
REP002494,LN00237,101500,2022-06-29,LATE
REP002495,LN00237,101500,2022-07-28,PAID
REP002496,LN00238,24000,2023-05-05,PAID
REP002497,LN00238,24000,2023-06-02,PAID
REP002498,LN00238,24000,2023-07-02,PAID
REP002499,LN00238,24000,2023-08-03,PAID
REP002500,LN00238,24000,2023-09-02,PAID
REP002501,LN00238,24000,2023-10-01,PAID
REP002502,LN00238,24000,2023-10-24,PAID
REP002503,LN00239,93000,2022-02-15,PAID
REP002504,LN00239,93000,2022-03-25,PAID
REP002505,LN00239,93000,2022-04-23,PAID
REP002506,LN00240,28500,2022-11-20,PAID
REP002507,LN00240,28500,2022-12-23,PAID
REP002508,LN00240,28500,2023-01-19,PAID
REP002509,LN00240,28500,2023-02-22,PAID
REP002510,LN00240,28500,2023-03-24,PAID
REP002511,LN00240,28500,2023-04-21,PAID
REP002512,LN00240,28500,2023-05-21,PAID
REP002513,LN00240,28500,2023-06-22,PAID
REP002514,LN00240,28500,2023-07-18,PAID
REP002515,LN00240,28500,2023-08-23,PAID
REP002516,LN00240,28500,2023-09-19,PAID
REP002517,LN00240,28500,2023-10-22,PAID
REP002518,LN00240,28500,2023-11-21,PAID
REP002519,LN00240,28500,2023-12-18,PAID
REP002520,LN00240,28500,2024-01-15,PAID
REP002521,LN00240,28500,2024-02-16,LATE
REP002522,LN00240,28500,2024-03-18,PAID
REP002523,LN00240,28500,2024-04-16,PAID
REP002524,LN00240,28500,2024-05-14,PAID
REP002525,LN00240,28500,2024-06-15,PAID
REP002526,LN00240,28500,2024-07-18,PAID
REP002527,LN00240,28500,2024-08-12,PAID
REP002528,LN00240,28500,2024-09-11,PAID
REP002529,LN00240,28500,2024-10-13,PAID
REP002530,LN00240,28500,2024-11-12,PAID
REP002531,LN00240,28500,2024-12-08,PAID
REP002532,LN00240,28500,2025-01-11,PAID
REP002533,LN00240,28500,2025-02-06,PAID
REP002534,LN00240,28500,2025-03-16,PAID
REP002535,LN00240,28500,2025-04-15,PAID
REP002536,LN00240,28500,2025-05-09,PAID
REP002537,LN00240,28500,2025-06-08,PAID
REP002538,LN00240,28500,2025-07-14,PAID
REP002539,LN00240,28500,2025-08-10,PAID
REP002540,LN00240,28500,2025-09-11,PAID
REP002541,LN00240,28500,2025-10-12,PAID
REP002542,LN00241,20500,2020-11-17,PAID
REP002543,LN00241,20500,2020-12-10,PAID
REP002544,LN00241,20500,2021-01-10,PAID
REP002545,LN00241,20500,2021-02-12,PAID
REP002546,LN00241,20500,2021-03-12,PAID
REP002547,LN00241,20500,2021-04-10,PAID
REP002548,LN00241,20500,2021-05-14,PAID
REP002549,LN00241,20500,2021-06-08,PAID
REP002550,LN00241,20500,2021-07-16,PAID
REP002551,LN00241,20500,2021-08-10,PAID
REP002552,LN00241,20500,2021-09-06,PAID
REP002553,LN00241,20500,2021-10-07,PAID
REP002554,LN00241,20500,2021-11-13,PAID
REP002555,LN00241,20500,2021-12-13,PAID
REP002556,LN00241,20500,2022-01-12,PAID
REP002557,LN00241,20500,2022-02-03,PAID
REP002558,LN00241,20500,2022-03-13,PAID
REP002559,LN00241,20500,2022-04-08,PAID
REP002560,LN00241,20500,2022-05-06,PAID
REP002561,LN00241,20500,2022-06-06,PAID
REP002562,LN00241,20500,2022-07-10,PAID
REP002563,LN00241,20500,2022-08-06,PAID
REP002564,LN00241,20500,2022-09-02,PAID
REP002565,LN00241,20500,2022-10-02,PAID
REP002566,LN00242,319000,2022-02-08,PAID
REP002567,LN00243,189500,2023-10-31,PAID
REP002568,LN00243,189500,2023-12-04,PAID
REP002569,LN00244,98500,2020-04-26,PAID
REP002570,LN00244,98500,2020-05-18,PAID
REP002571,LN00244,98500,2020-06-18,PAID
REP002572,LN00244,98500,2020-07-18,PAID
REP002573,LN00244,98500,2020-08-23,PAID
REP002574,LN00244,98500,2020-09-23,PAID
REP002575,LN00244,98500,2020-10-22,PAID
REP002576,LN00244,98500,2020-11-14,PAID
REP002577,LN00244,98500,2020-12-15,PAID
REP002578,LN00244,98500,2021-01-20,PAID
REP002579,LN00244,98500,2021-02-15,PAID
REP002580,LN00244,98500,2021-03-21,PAID
REP002581,LN00244,98500,2021-04-17,PAID
REP002582,LN00244,98500,2021-05-17,PAID
REP002583,LN00244,98500,2021-06-14,PAID
REP002584,LN00244,98500,2021-07-19,PAID
REP002585,LN00244,98500,2021-08-15,PAID
REP002586,LN00244,98500,2021-09-18,PAID
REP002587,LN00245,27000,2023-02-19,PAID
REP002588,LN00245,27000,2023-03-25,PAID
REP002589,LN00245,27000,2023-04-23,PAID
REP002590,LN00245,27000,2023-05-18,PAID
REP002591,LN00245,27000,2023-06-20,PAID
REP002592,LN00245,27000,2023-07-23,PAID
REP002593,LN00245,27000,2023-08-16,PAID
REP002594,LN00245,27000,2023-09-19,PAID
REP002595,LN00245,27000,2023-10-14,PAID
REP002596,LN00245,27000,2023-11-19,PAID
REP002597,LN00245,27000,2023-12-20,PAID
REP002598,LN00245,27000,2024-01-14,PAID
REP002599,LN00245,27000,2024-02-13,PAID
REP002600,LN00245,27000,2024-03-19,PAID
REP002601,LN00245,27000,2024-04-18,PAID
REP002602,LN00245,27000,2024-05-14,PAID
REP002603,LN00245,27000,2024-06-12,PAID
REP002604,LN00245,27000,2024-07-11,PAID
REP002605,LN00245,27000,2024-08-11,PAID
REP002606,LN00245,27000,2024-09-09,PAID
REP002607,LN00245,27000,2024-10-09,PAID
REP002608,LN00245,27000,2024-11-14,PAID
REP002609,LN00245,27000,2024-12-12,PAID
REP002610,LN00245,27000,2025-01-09,PAID
REP002611,LN00245,27000,2025-02-08,PAID
REP002612,LN00245,27000,2025-03-10,PAID
REP002613,LN00245,27000,2025-04-09,PAID
REP002614,LN00245,27000,2025-05-10,PAID
REP002615,LN00245,27000,2025-06-09,PAID
REP002616,LN00245,27000,2025-07-10,PAID
REP002617,LN00245,27000,2025-08-09,LATE
REP002618,LN00245,27000,2025-09-08,PAID
REP002619,LN00245,27000,2025-10-08,PAID
REP002620,LN00245,27000,2025-11-03,PAID
REP002621,LN00245,27000,2025-12-05,LATE
REP002622,LN00245,27000,2026-01-03,PAID
REP002623,LN00246,55000,2021-06-30,PAID
REP002624,LN00246,55000,2021-07-26,PAID
REP002625,LN00247,368500,2023-06-23,PAID
REP002626,LN00247,368500,2023-07-21,PAID
REP002627,LN00248,78000,2020-12-08,PAID
REP002628,LN00248,78000,2021-01-03,PAID
REP002629,LN00248,78000,2021-02-01,PAID
REP002630,LN00248,78000,2021-03-07,PAID
REP002631,LN00248,78000,2021-04-06,PAID
REP002632,LN00249,284000,2021-12-04,PAID
REP002633,LN00249,284000,2022-01-09,PAID
REP002634,LN00249,284000,2022-02-09,PAID
REP002635,LN00249,284000,2022-03-10,PAID
REP002636,LN00249,284000,2022-04-03,PAID
REP002637,LN00249,284000,2022-05-07,PAID
REP002638,LN00250,242500,2021-06-17,PAID
REP002639,LN00250,242500,2021-07-11,PAID
REP002640,LN00250,242500,2021-08-10,PAID
REP002641,LN00250,242500,2021-09-14,PAID
REP002642,LN00250,242500,2021-10-10,PAID
REP002643,LN00250,242500,2021-11-10,PAID
REP002644,LN00251,114000,2020-11-26,PAID
REP002645,LN00251,114000,2020-12-31,PAID
REP002646,LN00251,114000,2021-01-26,PAID
REP002647,LN00251,114000,2021-02-25,PAID
REP002648,LN00251,114000,2021-03-25,PAID
REP002649,LN00251,114000,2021-04-23,PAID
REP002650,LN00251,114000,2021-05-27,PAID
REP002651,LN00251,114000,2021-06-26,PAID
REP002652,LN00252,128000,2020-07-24,PAID
REP002653,LN00252,128000,2020-08-27,PAID
REP002654,LN00252,128000,2020-09-24,PAID
REP002655,LN00252,128000,2020-10-23,PAID
REP002656,LN00253,171500,2023-06-11,PAID
REP002657,LN00253,171500,2023-07-17,PAID
REP002658,LN00253,171500,2023-08-17,PAID
REP002659,LN00253,171500,2023-09-17,PAID
REP002660,LN00253,171500,2023-10-17,PAID
REP002661,LN00253,171500,2023-11-14,PAID
REP002662,LN00253,171500,2023-12-16,PAID
REP002663,LN00253,171500,2024-01-12,PAID
REP002664,LN00253,171500,2024-02-13,PAID
REP002665,LN00253,171500,2024-03-12,PAID
REP002666,LN00253,171500,2024-04-07,PAID
REP002667,LN00253,171500,2024-05-14,PAID
REP002668,LN00254,84000,2024-02-21,PAID
REP002669,LN00254,84000,2024-03-21,PAID
REP002670,LN00254,84000,2024-04-26,PAID
REP002671,LN00254,84000,2024-05-22,PAID
REP002672,LN00254,84000,2024-06-24,PAID
REP002673,LN00254,84000,2024-07-25,PAID
REP002674,LN00254,84000,2024-08-19,PAID
REP002675,LN00254,84000,2024-09-17,PAID
REP002676,LN00254,84000,2024-10-21,PAID
REP002677,LN00255,179500,2020-03-07,PAID
REP002678,LN00255,179500,2020-04-06,PAID
REP002679,LN00255,179500,2020-04-30,PAID
REP002680,LN00255,179500,2020-06-05,LATE
REP002681,LN00255,179500,2020-07-02,PAID
REP002682,LN00255,179500,2020-07-31,PAID
REP002683,LN00256,63500,2021-01-30,PAID
REP002684,LN00256,63500,2021-02-27,PAID
REP002685,LN00256,63500,2021-03-31,PAID
REP002686,LN00256,63500,2021-04-27,PAID
REP002687,LN00257,114000,2022-10-14,PAID
REP002688,LN00259,8000,2022-01-22,PAID
REP002689,LN00260,29000,2021-08-30,PAID
REP002690,LN00260,29000,2021-10-07,PAID
REP002691,LN00260,29000,2021-10-30,PAID
REP002692,LN00260,29000,2021-12-03,PAID
REP002693,LN00260,29000,2021-12-31,PAID
REP002694,LN00260,29000,2022-01-29,PAID
REP002695,LN00260,29000,2022-03-02,PAID
REP002696,LN00260,29000,2022-03-31,PAID
REP002697,LN00260,29000,2022-04-27,PAID
REP002698,LN00260,29000,2022-06-03,PAID
REP002699,LN00260,29000,2022-07-02,LATE
REP002700,LN00260,29000,2022-07-29,PAID
REP002701,LN00260,29000,2022-09-01,PAID
REP002702,LN00260,29000,2022-09-27,PAID
REP002703,LN00260,29000,2022-10-30,PAID
REP002704,LN00260,29000,2022-11-24,PAID
REP002705,LN00260,29000,2022-12-25,PAID
REP002706,LN00260,29000,2023-01-30,PAID
REP002707,LN00260,29000,2023-02-24,PAID
REP002708,LN00260,29000,2023-03-30,PAID
REP002709,LN00260,29000,2023-04-27,PAID
REP002710,LN00260,29000,2023-05-27,PAID
REP002711,LN00260,29000,2023-06-24,PAID
REP002712,LN00260,29000,2023-07-29,PAID
REP002713,LN00260,29000,2023-08-24,PAID
REP002714,LN00260,29000,2023-09-26,LATE
REP002715,LN00260,29000,2023-10-25,PAID
REP002716,LN00260,29000,2023-11-24,PAID
REP002717,LN00260,29000,2023-12-19,PAID
REP002718,LN00260,29000,2024-01-21,PAID
REP002719,LN00260,29000,2024-02-22,PAID
REP002720,LN00260,29000,2024-03-21,PAID
REP002721,LN00260,29000,2024-04-17,PAID
REP002722,LN00260,29000,2024-05-22,PAID
REP002723,LN00260,29000,2024-06-15,PAID
REP002724,LN00260,29000,2024-07-19,PAID
REP002725,LN00261,11500,2023-01-07,LATE
REP002726,LN00261,11500,2023-02-04,PAID
REP002727,LN00261,11500,2023-03-03,PAID
REP002728,LN00261,11500,2023-04-04,PAID
REP002729,LN00261,11500,2023-05-09,PAID
REP002730,LN00261,11500,2023-06-01,PAID
REP002731,LN00262,182500,2022-02-11,PAID
REP002732,LN00263,69000,2022-02-16,PAID
REP002733,LN00263,69000,2022-03-18,PAID
REP002734,LN00263,69000,2022-04-17,PAID
REP002735,LN00263,69000,2022-05-17,PAID
REP002736,LN00263,69000,2022-06-15,PAID
REP002737,LN00263,69000,2022-07-14,PAID
REP002738,LN00263,69000,2022-08-17,PAID
REP002739,LN00263,69000,2022-09-17,PAID
REP002740,LN00263,69000,2022-10-16,PAID
REP002741,LN00263,69000,2022-11-11,PAID
REP002742,LN00263,69000,2022-12-16,LATE
REP002743,LN00263,69000,2023-01-17,LATE
REP002744,LN00263,69000,2023-02-11,PAID
REP002745,LN00263,69000,2023-03-11,PAID
REP002746,LN00264,34500,2022-03-04,PAID
REP002747,LN00264,34500,2022-03-27,LATE
REP002748,LN00264,34500,2022-04-28,PAID
REP002749,LN00264,34500,2022-05-26,PAID
REP002750,LN00264,34500,2022-07-01,PAID
REP002751,LN00264,34500,2022-07-30,PAID
REP002752,LN00264,34500,2022-08-31,PAID
REP002753,LN00264,34500,2022-09-22,PAID
REP002754,LN00264,34500,2022-10-29,PAID
REP002755,LN00264,34500,2022-11-25,PAID
REP002756,LN00264,34500,2022-12-29,PAID
REP002757,LN00264,34500,2023-01-21,PAID
REP002758,LN00264,34500,2023-02-22,PAID
REP002759,LN00264,34500,2023-03-29,PAID
REP002760,LN00264,34500,2023-04-22,PAID
REP002761,LN00264,34500,2023-05-21,PAID
REP002762,LN00264,34500,2023-06-25,PAID
REP002763,LN00264,34500,2023-07-20,PAID
REP002764,LN00264,34500,2023-08-22,PAID
REP002765,LN00264,34500,2023-09-21,PAID
REP002766,LN00264,34500,2023-10-24,PAID
REP002767,LN00264,34500,2023-11-24,PAID
REP002768,LN00264,34500,2023-12-20,PAID
REP002769,LN00264,34500,2024-01-17,PAID
REP002770,LN00264,34500,2024-02-19,PAID
REP002771,LN00264,34500,2024-03-15,PAID
REP002772,LN00264,34500,2024-04-20,PAID
REP002773,LN00264,34500,2024-05-17,PAID
REP002774,LN00264,34500,2024-06-13,PAID
REP002775,LN00264,34500,2024-07-13,PAID
REP002776,LN00264,34500,2024-08-15,PAID
REP002777,LN00264,34500,2024-09-16,LATE
REP002778,LN00264,34500,2024-10-18,PAID
REP002779,LN00264,34500,2024-11-15,PAID
REP002780,LN00264,34500,2024-12-16,PAID
REP002781,LN00264,34500,2025-01-12,PAID
REP002782,LN00265,191000,2023-10-17,PAID
REP002783,LN00265,191000,2023-11-12,PAID
REP002784,LN00266,86500,2022-05-02,PAID
REP002785,LN00266,86500,2022-05-29,PAID
REP002786,LN00266,86500,2022-07-03,PAID
REP002787,LN00266,86500,2022-08-02,PAID
REP002788,LN00266,86500,2022-08-30,PAID
REP002789,LN00266,86500,2022-09-28,PAID
REP002790,LN00266,86500,2022-10-29,PAID
REP002791,LN00266,86500,2022-11-23,PAID
REP002792,LN00266,86500,2022-12-25,PAID
REP002793,LN00267,193500,2020-08-02,PAID
REP002794,LN00267,193500,2020-09-04,PAID
REP002795,LN00267,193500,2020-10-05,PAID
REP002796,LN00267,193500,2020-11-05,PAID
REP002797,LN00268,50500,2020-07-17,PAID
REP002798,LN00268,50500,2020-08-16,PAID
REP002799,LN00268,50500,2020-09-10,PAID
REP002800,LN00269,94000,2024-06-02,PAID
REP002801,LN00269,94000,2024-07-04,PAID
REP002802,LN00269,94000,2024-07-31,PAID
REP002803,LN00269,94000,2024-09-05,PAID
REP002804,LN00269,94000,2024-10-05,PAID
REP002805,LN00269,94000,2024-10-30,PAID
REP002806,LN00269,94000,2024-12-04,PAID
REP002807,LN00269,94000,2024-12-28,PAID
REP002808,LN00269,94000,2025-01-27,PAID
REP002809,LN00269,94000,2025-02-27,PAID
REP002810,LN00269,94000,2025-03-28,PAID
REP002811,LN00269,94000,2025-05-01,PAID
REP002812,LN00270,36500,2020-04-05,PAID
REP002813,LN00270,36500,2020-05-11,PAID
REP002814,LN00270,36500,2020-06-12,PAID
REP002815,LN00270,36500,2020-07-11,PAID
REP002816,LN00270,36500,2020-08-05,PAID
REP002817,LN00270,36500,2020-09-06,LATE
REP002818,LN00270,36500,2020-10-06,PAID
REP002819,LN00270,36500,2020-11-05,PAID
REP002820,LN00270,36500,2020-12-02,PAID
REP002821,LN00271,44000,2021-06-02,PAID
REP002822,LN00271,44000,2021-07-02,PAID
REP002823,LN00272,7500,2023-05-18,PAID
REP002824,LN00273,134000,2023-05-11,PAID
REP002825,LN00273,134000,2023-06-07,PAID
REP002826,LN00273,134000,2023-07-09,PAID
REP002827,LN00273,134000,2023-08-07,PAID
REP002828,LN00273,134000,2023-09-08,PAID
REP002829,LN00273,134000,2023-10-04,PAID
REP002830,LN00273,134000,2023-11-03,PAID
REP002831,LN00273,134000,2023-12-06,LATE
REP002832,LN00273,134000,2024-01-01,PAID
REP002833,LN00273,134000,2024-02-07,PAID
REP002834,LN00273,134000,2024-03-07,PAID
REP002835,LN00273,134000,2024-04-06,PAID
REP002836,LN00273,134000,2024-04-30,PAID
REP002837,LN00273,134000,2024-06-05,PAID
REP002838,LN00273,134000,2024-07-03,PAID
REP002839,LN00273,134000,2024-07-28,PAID
REP002840,LN00273,134000,2024-08-31,PAID
REP002841,LN00273,134000,2024-10-03,PAID
REP002842,LN00274,19000,2022-05-11,PAID
REP002843,LN00274,19000,2022-06-06,PAID
REP002844,LN00274,19000,2022-07-04,PAID
REP002845,LN00274,19000,2022-08-07,PAID
REP002846,LN00274,19000,2022-09-08,PAID
REP002847,LN00274,19000,2022-10-07,PAID
REP002848,LN00276,54000,2022-03-14,PAID
REP002849,LN00276,54000,2022-04-17,PAID
REP002850,LN00276,54000,2022-05-13,PAID
REP002851,LN00276,54000,2022-06-09,LATE
REP002852,LN00276,54000,2022-07-15,PAID
REP002853,LN00276,54000,2022-08-14,PAID
REP002854,LN00276,54000,2022-09-12,PAID
REP002855,LN00276,54000,2022-10-07,PAID
REP002856,LN00276,54000,2022-11-12,PAID
REP002857,LN00276,54000,2022-12-11,PAID
REP002858,LN00276,54000,2023-01-10,LATE
REP002859,LN00276,54000,2023-02-04,PAID
REP002860,LN00276,54000,2023-03-06,PAID
REP002861,LN00276,54000,2023-04-05,PAID
REP002862,LN00276,54000,2023-05-07,PAID
REP002863,LN00276,54000,2023-06-09,PAID
REP002864,LN00276,54000,2023-07-03,PAID
REP002865,LN00276,54000,2023-08-09,PAID
REP002866,LN00276,54000,2023-09-09,LATE
REP002867,LN00276,54000,2023-10-07,PAID
REP002868,LN00276,54000,2023-11-06,PAID
REP002869,LN00276,54000,2023-11-30,PAID
REP002870,LN00276,54000,2024-01-01,LATE
REP002871,LN00276,54000,2024-02-03,PAID
REP002872,LN00276,54000,2024-03-05,PAID
REP002873,LN00276,54000,2024-04-05,PAID
REP002874,LN00276,54000,2024-05-02,PAID
REP002875,LN00276,54000,2024-06-02,PAID
REP002876,LN00276,54000,2024-06-30,PAID
REP002877,LN00276,54000,2024-07-27,PAID
REP002878,LN00276,54000,2024-08-30,PAID
REP002879,LN00276,54000,2024-09-27,PAID
REP002880,LN00276,54000,2024-11-02,PAID
REP002881,LN00276,54000,2024-11-30,PAID
REP002882,LN00276,54000,2024-12-26,PAID
REP002883,LN00276,54000,2025-01-24,PAID
REP002884,LN00276,54000,2025-03-02,PAID
REP002885,LN00276,54000,2025-03-27,PAID
REP002886,LN00277,56000,2023-05-17,PAID
REP002887,LN00277,56000,2023-06-13,PAID
REP002888,LN00277,56000,2023-07-17,PAID
REP002889,LN00277,56000,2023-08-13,PAID
REP002890,LN00277,56000,2023-09-13,PAID
REP002891,LN00277,56000,2023-10-17,PAID
REP002892,LN00278,55000,2021-11-11,PAID
REP002893,LN00278,55000,2021-12-06,PAID
REP002894,LN00278,55000,2022-01-08,LATE
REP002895,LN00278,55000,2022-02-05,PAID
REP002896,LN00278,55000,2022-03-12,PAID
REP002897,LN00278,55000,2022-04-11,PAID
REP002898,LN00278,55000,2022-05-11,PAID
REP002899,LN00278,55000,2022-06-08,PAID
REP002900,LN00278,55000,2022-07-03,PAID
REP002901,LN00278,55000,2022-08-02,PAID
REP002902,LN00278,55000,2022-09-06,PAID
REP002903,LN00278,55000,2022-10-02,PAID
REP002904,LN00278,55000,2022-11-07,PAID
REP002905,LN00278,55000,2022-12-01,PAID
REP002906,LN00278,55000,2022-12-30,PAID
REP002907,LN00278,55000,2023-02-01,PAID
REP002908,LN00278,55000,2023-02-28,PAID
REP002909,LN00278,55000,2023-04-01,PAID
REP002910,LN00278,55000,2023-04-28,PAID
REP002911,LN00278,55000,2023-05-30,PAID
REP002912,LN00278,55000,2023-07-01,LATE
REP002913,LN00278,55000,2023-07-30,PAID
REP002914,LN00278,55000,2023-08-29,PAID
REP002915,LN00278,55000,2023-09-28,PAID
REP002916,LN00279,10000,2020-08-07,LATE
REP002917,LN00279,10000,2020-09-07,PAID
REP002918,LN00279,10000,2020-10-11,PAID
REP002919,LN00279,10000,2020-11-09,PAID
REP002920,LN00280,131500,2023-04-22,PAID
REP002921,LN00281,46000,2021-05-28,PAID
REP002922,LN00281,46000,2021-06-27,PAID
REP002923,LN00281,46000,2021-07-26,PAID
REP002924,LN00281,46000,2021-08-24,PAID
REP002925,LN00281,46000,2021-09-24,PAID
REP002926,LN00282,384000,2024-06-13,PAID
REP002927,LN00282,384000,2024-07-15,PAID
REP002928,LN00282,384000,2024-08-11,PAID
REP002929,LN00282,384000,2024-09-11,PAID
REP002930,LN00282,384000,2024-10-10,PAID
REP002931,LN00282,384000,2024-11-15,PAID
REP002932,LN00283,65500,2020-04-24,PAID
REP002933,LN00283,65500,2020-05-26,PAID
REP002934,LN00283,65500,2020-06-30,PAID
REP002935,LN00283,65500,2020-07-25,PAID
REP002936,LN00283,65500,2020-08-21,PAID
REP002937,LN00283,65500,2020-09-27,PAID
REP002938,LN00283,65500,2020-10-26,PAID
REP002939,LN00283,65500,2020-11-21,LATE
REP002940,LN00283,65500,2020-12-26,PAID
REP002941,LN00283,65500,2021-01-18,PAID
REP002942,LN00283,65500,2021-02-24,PAID
REP002943,LN00283,65500,2021-03-21,PAID
REP002944,LN00283,65500,2021-04-23,PAID
REP002945,LN00283,65500,2021-05-22,PAID
REP002946,LN00283,65500,2021-06-17,PAID
REP002947,LN00283,65500,2021-07-24,PAID
REP002948,LN00283,65500,2021-08-18,PAID
REP002949,LN00283,65500,2021-09-18,PAID
REP002950,LN00283,65500,2021-10-19,PAID
REP002951,LN00283,65500,2021-11-18,PAID
REP002952,LN00283,65500,2021-12-22,PAID
REP002953,LN00283,65500,2022-01-15,PAID
REP002954,LN00283,65500,2022-02-17,PAID
REP002955,LN00283,65500,2022-03-14,PAID
REP002956,LN00283,65500,2022-04-18,PAID
REP002957,LN00283,65500,2022-05-14,PAID
REP002958,LN00284,28500,2021-02-11,PAID
REP002959,LN00284,28500,2021-03-10,PAID
REP002960,LN00284,28500,2021-04-08,PAID
REP002961,LN00284,28500,2021-05-06,PAID
REP002962,LN00284,28500,2021-06-12,PAID
REP002963,LN00284,28500,2021-07-10,PAID
REP002964,LN00284,28500,2021-08-10,PAID
REP002965,LN00284,28500,2021-09-09,PAID
REP002966,LN00284,28500,2021-10-09,PAID
REP002967,LN00284,28500,2021-11-04,PAID
REP002968,LN00284,28500,2021-12-04,PAID
REP002969,LN00284,28500,2022-01-06,PAID
REP002970,LN00284,28500,2022-02-06,PAID
REP002971,LN00284,28500,2022-03-09,PAID
REP002972,LN00284,28500,2022-04-05,PAID
REP002973,LN00284,28500,2022-05-04,PAID
REP002974,LN00284,28500,2022-06-01,PAID
REP002975,LN00285,150000,2023-02-09,PAID
REP002976,LN00285,150000,2023-03-10,PAID
REP002977,LN00285,150000,2023-04-09,PAID
REP002978,LN00285,150000,2023-05-09,PAID
REP002979,LN00285,150000,2023-06-09,PAID
REP002980,LN00285,150000,2023-07-16,LATE
REP002981,LN00286,23000,2024-01-02,PAID
REP002982,LN00286,23000,2024-01-27,PAID
REP002983,LN00286,23000,2024-03-02,PAID
REP002984,LN00286,23000,2024-03-29,PAID
REP002985,LN00286,23000,2024-05-03,PAID
REP002986,LN00286,23000,2024-05-29,PAID
REP002987,LN00286,23000,2024-06-26,PAID
REP002988,LN00286,23000,2024-07-27,PAID
REP002989,LN00286,23000,2024-08-26,PAID
REP002990,LN00286,23000,2024-09-25,PAID
REP002991,LN00286,23000,2024-10-30,LATE
REP002992,LN00286,23000,2024-11-22,PAID
REP002993,LN00286,23000,2024-12-23,PAID
REP002994,LN00286,23000,2025-01-25,PAID
REP002995,LN00286,23000,2025-02-21,PAID
REP002996,LN00286,23000,2025-03-24,PAID
REP002997,LN00286,23000,2025-04-23,PAID
REP002998,LN00286,23000,2025-05-28,PAID
REP002999,LN00286,23000,2025-06-22,PAID
REP003000,LN00286,23000,2025-07-25,PAID
REP003001,LN00286,23000,2025-08-27,PAID
REP003002,LN00286,23000,2025-09-25,PAID
REP003003,LN00286,23000,2025-10-26,PAID
REP003004,LN00286,23000,2025-11-20,PAID
REP003005,LN00286,23000,2025-12-20,PAID
REP003006,LN00286,23000,2026-01-23,PAID
REP003007,LN00286,23000,2026-02-21,LATE
REP003008,LN00286,23000,2026-03-17,PAID
REP003009,LN00286,23000,2026-04-23,PAID
REP003010,LN00286,23000,2026-05-17,PAID
REP003011,LN00286,23000,2026-06-16,PAID
REP003012,LN00286,23000,2026-07-20,PAID
REP003013,LN00286,23000,2026-08-22,PAID
REP003014,LN00286,23000,2026-09-21,PAID
REP003015,LN00286,23000,2026-10-17,PAID
REP003016,LN00286,23000,2026-11-19,PAID
REP003017,LN00287,86000,2020-08-27,PAID
REP003018,LN00287,86000,2020-09-26,PAID
REP003019,LN00287,86000,2020-10-20,PAID
REP003020,LN00287,86000,2020-11-24,PAID
REP003021,LN00287,86000,2020-12-25,PAID
REP003022,LN00288,26000,2022-09-19,PAID
REP003023,LN00288,26000,2022-10-19,PAID
REP003024,LN00288,26000,2022-11-19,PAID
REP003025,LN00288,26000,2022-12-26,PAID
REP003026,LN00288,26000,2023-01-22,PAID
REP003027,LN00288,26000,2023-02-24,LATE
REP003028,LN00288,26000,2023-03-22,PAID
REP003029,LN00288,26000,2023-04-22,PAID
REP003030,LN00288,26000,2023-05-17,PAID
REP003031,LN00288,26000,2023-06-22,PAID
REP003032,LN00289,27000,2022-05-05,PAID
REP003033,LN00289,27000,2022-06-04,PAID
REP003034,LN00289,27000,2022-06-26,PAID
REP003035,LN00289,27000,2022-07-27,PAID
REP003036,LN00289,27000,2022-08-27,PAID
REP003037,LN00289,27000,2022-09-29,PAID
REP003038,LN00289,27000,2022-10-27,PAID
REP003039,LN00289,27000,2022-11-23,LATE
REP003040,LN00289,27000,2022-12-29,PAID
REP003041,LN00289,27000,2023-01-23,PAID
REP003042,LN00289,27000,2023-02-21,PAID
REP003043,LN00289,27000,2023-03-28,PAID
REP003044,LN00289,27000,2023-04-28,PAID
REP003045,LN00289,27000,2023-05-27,PAID
REP003046,LN00289,27000,2023-06-27,LATE
REP003047,LN00289,27000,2023-07-23,PAID
REP003048,LN00289,27000,2023-08-24,PAID
REP003049,LN00289,27000,2023-09-25,PAID
REP003050,LN00290,78500,2024-02-15,PAID
REP003051,LN00290,78500,2024-03-17,PAID
REP003052,LN00290,78500,2024-04-12,PAID
REP003053,LN00290,78500,2024-05-18,PAID
REP003054,LN00290,78500,2024-06-14,PAID
REP003055,LN00291,106000,2020-02-23,PAID
REP003056,LN00291,106000,2020-03-17,PAID
REP003057,LN00291,106000,2020-04-22,LATE
REP003058,LN00291,106000,2020-05-23,PAID
REP003059,LN00291,106000,2020-06-18,PAID
REP003060,LN00291,106000,2020-07-16,PAID
REP003061,LN00291,106000,2020-08-21,PAID
REP003062,LN00291,106000,2020-09-21,PAID
REP003063,LN00291,106000,2020-10-17,PAID
REP003064,LN00291,106000,2020-11-18,PAID
REP003065,LN00291,106000,2020-12-16,PAID
REP003066,LN00291,106000,2021-01-15,PAID
REP003067,LN00292,119500,2021-10-09,PAID
REP003068,LN00292,119500,2021-11-05,PAID
REP003069,LN00293,117000,2021-04-21,PAID
REP003070,LN00293,117000,2021-05-16,PAID
REP003071,LN00293,117000,2021-06-12,PAID
REP003072,LN00293,117000,2021-07-13,PAID
REP003073,LN00293,117000,2021-08-11,PAID
REP003074,LN00293,117000,2021-09-12,PAID
REP003075,LN00293,117000,2021-10-11,PAID
REP003076,LN00293,117000,2021-11-14,PAID
REP003077,LN00293,117000,2021-12-11,PAID
REP003078,LN00293,117000,2022-01-08,PAID
REP003079,LN00293,117000,2022-02-15,PAID
REP003080,LN00293,117000,2022-03-12,PAID
REP003081,LN00293,117000,2022-04-13,LATE
REP003082,LN00293,117000,2022-05-08,PAID
REP003083,LN00293,117000,2022-06-12,PAID
REP003084,LN00293,117000,2022-07-11,PAID
REP003085,LN00293,117000,2022-08-11,PAID
REP003086,LN00293,117000,2022-09-05,PAID
REP003087,LN00294,65000,2022-02-07,PAID
REP003088,LN00294,65000,2022-03-08,PAID
REP003089,LN00294,65000,2022-04-07,PAID
REP003090,LN00294,65000,2022-05-11,LATE
REP003091,LN00294,65000,2022-06-10,PAID
REP003092,LN00295,40500,2023-11-27,PAID
REP003093,LN00295,40500,2023-12-21,PAID
REP003094,LN00295,40500,2024-01-23,PAID
REP003095,LN00295,40500,2024-02-18,PAID
REP003096,LN00295,40500,2024-03-26,LATE
REP003097,LN00295,40500,2024-04-19,PAID
REP003098,LN00295,40500,2024-05-22,PAID
REP003099,LN00295,40500,2024-06-18,PAID
REP003100,LN00296,54000,2021-11-23,PAID
REP003101,LN00296,54000,2021-12-23,PAID
REP003102,LN00296,54000,2022-01-23,PAID
REP003103,LN00296,54000,2022-02-21,PAID
REP003104,LN00296,54000,2022-03-24,LATE
REP003105,LN00296,54000,2022-04-29,PAID
REP003106,LN00296,54000,2022-05-28,PAID
REP003107,LN00296,54000,2022-06-27,PAID
REP003108,LN00297,135000,2023-08-16,PAID
REP003109,LN00297,135000,2023-09-16,PAID
REP003110,LN00297,135000,2023-10-19,PAID
REP003111,LN00297,135000,2023-11-13,PAID
REP003112,LN00297,135000,2023-12-16,PAID
REP003113,LN00297,135000,2024-01-14,PAID
REP003114,LN00298,51000,2020-07-14,PAID
REP003115,LN00298,51000,2020-08-09,PAID
REP003116,LN00299,78500,2021-08-11,PAID
REP003117,LN00300,139000,2020-03-17,LATE
REP003118,LN00300,139000,2020-04-20,PAID
REP003119,LN00300,139000,2020-05-22,PAID
REP003120,LN00300,139000,2020-06-19,PAID
REP003121,LN00300,139000,2020-07-18,PAID
REP003122,LN00300,139000,2020-08-18,PAID
REP003123,LN00300,139000,2020-09-17,PAID
REP003124,LN00300,139000,2020-10-18,PAID
REP003125,LN00300,139000,2020-11-16,PAID
REP003126,LN00300,139000,2020-12-15,PAID
REP003127,LN00300,139000,2021-01-15,PAID
REP003128,LN00300,139000,2021-02-16,PAID
REP003129,LN00301,12000,2021-01-06,PAID
REP003130,LN00301,12000,2021-02-07,PAID
REP003131,LN00301,12000,2021-03-12,PAID
REP003132,LN00301,12000,2021-04-09,PAID
REP003133,LN00302,80000,2024-05-27,PAID
REP003134,LN00302,80000,2024-06-30,PAID
REP003135,LN00302,80000,2024-07-30,PAID
REP003136,LN00302,80000,2024-08-28,PAID
REP003137,LN00302,80000,2024-09-24,PAID
REP003138,LN00303,25500,2023-10-06,PAID
REP003139,LN00303,25500,2023-11-05,PAID
REP003140,LN00303,25500,2023-12-06,LATE
REP003141,LN00304,11000,2023-01-16,PAID
REP003142,LN00305,63500,2023-02-10,PAID
REP003143,LN00305,63500,2023-03-12,PAID
REP003144,LN00305,63500,2023-04-12,PAID
REP003145,LN00305,63500,2023-05-14,PAID
REP003146,LN00305,63500,2023-06-10,PAID
REP003147,LN00305,63500,2023-07-15,PAID
REP003148,LN00305,63500,2023-08-15,PAID
REP003149,LN00305,63500,2023-09-06,PAID
REP003150,LN00305,63500,2023-10-07,PAID
REP003151,LN00305,63500,2023-11-05,PAID
REP003152,LN00305,63500,2023-12-05,PAID
REP003153,LN00305,63500,2024-01-05,PAID
REP003154,LN00305,63500,2024-02-08,PAID
REP003155,LN00305,63500,2024-03-06,PAID
REP003156,LN00305,63500,2024-04-07,PAID
REP003157,LN00305,63500,2024-05-08,PAID
REP003158,LN00305,63500,2024-06-07,PAID
REP003159,LN00305,63500,2024-07-09,PAID
REP003160,LN00306,37000,2023-08-16,PAID
REP003161,LN00306,37000,2023-09-19,PAID
REP003162,LN00306,37000,2023-10-13,PAID
REP003163,LN00306,37000,2023-11-11,PAID
REP003164,LN00306,37000,2023-12-16,PAID
REP003165,LN00306,37000,2024-01-17,PAID
REP003166,LN00307,94500,2023-02-10,PAID
REP003167,LN00307,94500,2023-03-11,PAID
REP003168,LN00307,94500,2023-04-09,PAID
REP003169,LN00307,94500,2023-05-08,PAID
REP003170,LN00307,94500,2023-06-08,PAID
REP003171,LN00307,94500,2023-07-13,PAID
REP003172,LN00308,25000,2020-01-28,PAID
REP003173,LN00308,25000,2020-03-03,PAID
REP003174,LN00308,25000,2020-03-30,PAID
REP003175,LN00308,25000,2020-04-27,PAID
REP003176,LN00308,25000,2020-06-01,PAID
REP003177,LN00308,25000,2020-06-27,PAID
REP003178,LN00309,334000,2021-10-03,PAID
REP003179,LN00309,334000,2021-11-05,PAID
REP003180,LN00309,334000,2021-12-03,PAID
REP003181,LN00309,334000,2022-01-03,PAID
REP003182,LN00309,334000,2022-02-04,PAID
REP003183,LN00309,334000,2022-03-02,PAID
REP003184,LN00310,28000,2022-05-27,LATE
REP003185,LN00310,28000,2022-06-25,PAID
REP003186,LN00310,28000,2022-07-24,PAID
REP003187,LN00310,28000,2022-08-21,PAID
REP003188,LN00310,28000,2022-09-25,PAID
REP003189,LN00310,28000,2022-10-17,PAID
REP003190,LN00310,28000,2022-11-18,PAID
REP003191,LN00310,28000,2022-12-19,PAID
REP003192,LN00310,28000,2023-01-19,PAID
REP003193,LN00310,28000,2023-02-20,PAID
REP003194,LN00310,28000,2023-03-20,PAID
REP003195,LN00310,28000,2023-04-22,PAID
REP003196,LN00310,28000,2023-05-20,PAID
REP003197,LN00310,28000,2023-06-16,PAID
REP003198,LN00310,28000,2023-07-14,PAID
REP003199,LN00310,28000,2023-08-13,PAID
REP003200,LN00310,28000,2023-09-15,PAID
REP003201,LN00310,28000,2023-10-18,PAID
REP003202,LN00310,28000,2023-11-15,PAID
REP003203,LN00310,28000,2023-12-16,PAID
REP003204,LN00310,28000,2024-01-18,PAID
REP003205,LN00310,28000,2024-02-15,PAID
REP003206,LN00310,28000,2024-03-15,PAID
REP003207,LN00310,28000,2024-04-14,PAID
REP003208,LN00310,28000,2024-05-17,PAID
REP003209,LN00310,28000,2024-06-12,PAID
REP003210,LN00310,28000,2024-07-15,PAID
REP003211,LN00310,28000,2024-08-08,PAID
REP003212,LN00310,28000,2024-09-11,PAID
REP003213,LN00310,28000,2024-10-07,LATE
REP003214,LN00310,28000,2024-11-07,PAID
REP003215,LN00310,28000,2024-12-06,PAID
REP003216,LN00310,28000,2025-01-06,PAID
REP003217,LN00310,28000,2025-02-05,PAID
REP003218,LN00310,28000,2025-03-08,PAID
REP003219,LN00310,28000,2025-04-05,LATE
REP003220,LN00311,60500,2021-04-23,PAID
REP003221,LN00311,60500,2021-05-28,PAID
REP003222,LN00311,60500,2021-06-23,PAID
REP003223,LN00311,60500,2021-07-29,PAID
REP003224,LN00311,60500,2021-08-26,PAID
REP003225,LN00311,60500,2021-09-21,PAID
REP003226,LN00311,60500,2021-10-20,PAID
REP003227,LN00311,60500,2021-11-22,PAID
REP003228,LN00311,60500,2021-12-20,PAID
REP003229,LN00311,60500,2022-01-19,LATE
REP003230,LN00311,60500,2022-02-20,PAID
REP003231,LN00311,60500,2022-03-20,PAID
REP003232,LN00311,60500,2022-04-26,PAID
REP003233,LN00311,60500,2022-05-21,PAID
REP003234,LN00311,60500,2022-06-24,PAID
REP003235,LN00311,60500,2022-07-19,PAID
REP003236,LN00311,60500,2022-08-16,PAID
REP003237,LN00311,60500,2022-09-23,LATE
REP003238,LN00312,29500,2023-09-20,PAID
REP003239,LN00312,29500,2023-10-25,PAID
REP003240,LN00312,29500,2023-11-19,PAID
REP003241,LN00312,29500,2023-12-17,PAID
REP003242,LN00312,29500,2024-01-20,PAID
REP003243,LN00312,29500,2024-02-17,PAID
REP003244,LN00313,48500,2023-08-28,PAID
REP003245,LN00313,48500,2023-10-01,PAID
REP003246,LN00313,48500,2023-10-26,PAID
REP003247,LN00313,48500,2023-11-27,PAID
REP003248,LN00313,48500,2023-12-30,LATE
REP003249,LN00313,48500,2024-01-25,PAID
REP003250,LN00313,48500,2024-02-22,PAID
REP003251,LN00313,48500,2024-03-22,PAID
REP003252,LN00313,48500,2024-04-20,PAID
REP003253,LN00313,48500,2024-05-26,PAID
REP003254,LN00313,48500,2024-06-26,LATE
REP003255,LN00314,17500,2020-12-05,PAID
REP003256,LN00314,17500,2021-01-08,PAID
REP003257,LN00314,17500,2021-02-03,PAID
REP003258,LN00315,45000,2024-03-01,PAID
REP003259,LN00315,45000,2024-04-02,PAID
REP003260,LN00315,45000,2024-04-29,PAID
REP003261,LN00316,49500,2024-07-02,PAID
REP003262,LN00316,49500,2024-07-27,PAID
REP003263,LN00316,49500,2024-08-25,LATE
REP003264,LN00316,49500,2024-09-27,PAID
REP003265,LN00316,49500,2024-10-29,PAID
REP003266,LN00316,49500,2024-11-27,PAID
REP003267,LN00317,57500,2021-08-02,PAID
REP003268,LN00317,57500,2021-08-31,PAID
REP003269,LN00317,57500,2021-09-24,PAID
REP003270,LN00318,166000,2020-02-28,PAID
REP003271,LN00318,166000,2020-03-25,PAID
REP003272,LN00319,280000,2022-09-03,PAID
REP003273,LN00320,221000,2020-12-19,PAID
REP003274,LN00320,221000,2021-01-18,PAID
REP003275,LN00320,221000,2021-02-15,PAID
REP003276,LN00320,221000,2021-03-19,PAID
REP003277,LN00320,221000,2021-04-19,LATE
REP003278,LN00320,221000,2021-05-22,PAID
REP003279,LN00321,52500,2020-05-17,PAID
REP003280,LN00321,52500,2020-06-19,PAID
REP003281,LN00321,52500,2020-07-19,PAID
REP003282,LN00321,52500,2020-08-13,PAID
REP003283,LN00321,52500,2020-09-10,PAID
REP003284,LN00322,3000,2020-09-30,PAID
REP003285,LN00322,3000,2020-11-03,PAID
REP003286,LN00322,3000,2020-12-02,PAID
REP003287,LN00322,3000,2021-01-05,PAID
REP003288,LN00322,3000,2021-01-30,PAID
REP003289,LN00322,3000,2021-02-26,PAID
REP003290,LN00322,3000,2021-03-30,PAID
REP003291,LN00322,3000,2021-05-01,PAID
REP003292,LN00322,3000,2021-06-02,PAID
REP003293,LN00322,3000,2021-06-28,PAID
REP003294,LN00322,3000,2021-07-31,PAID
REP003295,LN00322,3000,2021-08-27,PAID
REP003296,LN00322,3000,2021-10-01,PAID
REP003297,LN00322,3000,2021-10-31,PAID
REP003298,LN00322,3000,2021-11-26,PAID
REP003299,LN00322,3000,2021-12-28,PAID
REP003300,LN00322,3000,2022-01-27,PAID
REP003301,LN00322,3000,2022-02-28,PAID
REP003302,LN00322,3000,2022-03-31,PAID
REP003303,LN00322,3000,2022-04-27,PAID
REP003304,LN00322,3000,2022-05-24,PAID
REP003305,LN00322,3000,2022-06-24,PAID
REP003306,LN00322,3000,2022-07-24,PAID
REP003307,LN00322,3000,2022-08-23,PAID
REP003308,LN00323,72500,2022-03-05,PAID
REP003309,LN00323,72500,2022-04-02,PAID
REP003310,LN00323,72500,2022-04-28,PAID
REP003311,LN00323,72500,2022-05-29,PAID
REP003312,LN00323,72500,2022-06-27,PAID
REP003313,LN00323,72500,2022-08-02,PAID
REP003314,LN00324,166000,2022-01-29,PAID
REP003315,LN00324,166000,2022-03-02,PAID
REP003316,LN00324,166000,2022-03-30,PAID
REP003317,LN00324,166000,2022-04-30,PAID
REP003318,LN00324,166000,2022-05-25,PAID
REP003319,LN00324,166000,2022-06-27,PAID
REP003320,LN00325,145000,2024-03-13,PAID
REP003321,LN00325,145000,2024-04-14,PAID
REP003322,LN00325,145000,2024-05-11,PAID
REP003323,LN00326,32000,2024-01-19,PAID
REP003324,LN00326,32000,2024-02-21,PAID
REP003325,LN00326,32000,2024-03-17,PAID
REP003326,LN00326,32000,2024-04-14,PAID
REP003327,LN00326,32000,2024-05-13,PAID
REP003328,LN00326,32000,2024-06-15,PAID
REP003329,LN00326,32000,2024-07-20,PAID
REP003330,LN00326,32000,2024-08-17,PAID
REP003331,LN00328,64500,2023-01-23,PAID
REP003332,LN00328,64500,2023-02-22,LATE
REP003333,LN00328,64500,2023-03-26,PAID
REP003334,LN00329,131000,2022-03-21,PAID
REP003335,LN00329,131000,2022-04-15,PAID
REP003336,LN00329,131000,2022-05-19,PAID
REP003337,LN00329,131000,2022-06-19,PAID
REP003338,LN00329,131000,2022-07-13,PAID
REP003339,LN00329,131000,2022-08-18,PAID
REP003340,LN00329,131000,2022-09-17,PAID
REP003341,LN00329,131000,2022-10-12,PAID
REP003342,LN00329,131000,2022-11-09,PAID
REP003343,LN00329,131000,2022-12-14,PAID
REP003344,LN00329,131000,2023-01-13,PAID
REP003345,LN00329,131000,2023-02-13,PAID
REP003346,LN00330,14500,2023-10-13,PAID
REP003347,LN00330,14500,2023-11-12,PAID
REP003348,LN00330,14500,2023-12-06,PAID
REP003349,LN00330,14500,2024-01-10,PAID
REP003350,LN00330,14500,2024-02-04,PAID
REP003351,LN00330,14500,2024-03-05,PAID
REP003352,LN00330,14500,2024-04-06,PAID
REP003353,LN00330,14500,2024-05-05,PAID
REP003354,LN00330,14500,2024-06-04,PAID
REP003355,LN00330,14500,2024-07-06,PAID
REP003356,LN00330,14500,2024-08-07,PAID
REP003357,LN00330,14500,2024-09-06,PAID
REP003358,LN00330,14500,2024-10-06,PAID
REP003359,LN00330,14500,2024-11-07,PAID
REP003360,LN00330,14500,2024-11-30,PAID
REP003361,LN00330,14500,2025-01-05,PAID
REP003362,LN00330,14500,2025-02-06,PAID
REP003363,LN00330,14500,2025-03-03,PAID
REP003364,LN00330,14500,2025-03-31,PAID
REP003365,LN00330,14500,2025-05-03,PAID
REP003366,LN00330,14500,2025-05-29,PAID
REP003367,LN00330,14500,2025-07-06,LATE
REP003368,LN00330,14500,2025-07-31,PAID
REP003369,LN00330,14500,2025-08-27,PAID
REP003370,LN00330,14500,2025-09-29,PAID
REP003371,LN00330,14500,2025-10-28,PAID
REP003372,LN00330,14500,2025-11-30,PAID
REP003373,LN00330,14500,2025-12-31,LATE
REP003374,LN00330,14500,2026-01-28,PAID
REP003375,LN00330,14500,2026-03-01,PAID
REP003376,LN00330,14500,2026-03-25,PAID
REP003377,LN00330,14500,2026-04-24,PAID
REP003378,LN00330,14500,2026-05-31,LATE
REP003379,LN00330,14500,2026-06-24,PAID
REP003380,LN00330,14500,2026-07-28,PAID
REP003381,LN00330,14500,2026-08-24,PAID
REP003382,LN00331,13500,2021-11-26,LATE
REP003383,LN00331,13500,2021-12-22,PAID
REP003384,LN00331,13500,2022-01-22,PAID
REP003385,LN00332,103500,2020-04-03,PAID
REP003386,LN00332,103500,2020-05-05,PAID
REP003387,LN00332,103500,2020-06-05,PAID
REP003388,LN00332,103500,2020-07-06,PAID
REP003389,LN00332,103500,2020-08-03,PAID
REP003390,LN00332,103500,2020-09-05,PAID
REP003391,LN00332,103500,2020-10-06,PAID
REP003392,LN00332,103500,2020-10-31,PAID
REP003393,LN00332,103500,2020-11-27,PAID
REP003394,LN00332,103500,2020-12-28,PAID
REP003395,LN00332,103500,2021-01-29,PAID
REP003396,LN00332,103500,2021-03-01,PAID
REP003397,LN00333,19000,2023-01-11,PAID
REP003398,LN00333,19000,2023-02-11,PAID
REP003399,LN00333,19000,2023-03-09,PAID
REP003400,LN00333,19000,2023-04-11,PAID
REP003401,LN00333,19000,2023-05-12,PAID
REP003402,LN00333,19000,2023-06-07,PAID
REP003403,LN00333,19000,2023-07-10,PAID
REP003404,LN00333,19000,2023-08-11,PAID
REP003405,LN00333,19000,2023-09-11,PAID
REP003406,LN00333,19000,2023-10-12,PAID
REP003407,LN00333,19000,2023-11-06,PAID
REP003408,LN00333,19000,2023-12-11,PAID
REP003409,LN00333,19000,2024-01-07,PAID
REP003410,LN00333,19000,2024-02-05,PAID
REP003411,LN00333,19000,2024-03-04,PAID
REP003412,LN00333,19000,2024-04-02,PAID
REP003413,LN00333,19000,2024-05-02,PAID
REP003414,LN00333,19000,2024-06-01,PAID
REP003415,LN00333,19000,2024-07-07,PAID
REP003416,LN00333,19000,2024-08-02,PAID
REP003417,LN00333,19000,2024-09-04,PAID
REP003418,LN00333,19000,2024-10-02,PAID
REP003419,LN00333,19000,2024-11-03,PAID
REP003420,LN00333,19000,2024-12-04,PAID
REP003421,LN00333,19000,2025-01-01,PAID
REP003422,LN00333,19000,2025-01-28,PAID
REP003423,LN00333,19000,2025-03-02,PAID
REP003424,LN00333,19000,2025-03-31,PAID
REP003425,LN00333,19000,2025-04-27,PAID
REP003426,LN00333,19000,2025-06-03,PAID
REP003427,LN00333,19000,2025-06-27,PAID
REP003428,LN00333,19000,2025-07-29,PAID
REP003429,LN00333,19000,2025-09-02,PAID
REP003430,LN00333,19000,2025-09-24,PAID
REP003431,LN00333,19000,2025-10-31,PAID
REP003432,LN00333,19000,2025-11-25,PAID
REP003433,LN00334,50000,2021-04-05,LATE
REP003434,LN00334,50000,2021-05-06,PAID
REP003435,LN00334,50000,2021-06-05,PAID
REP003436,LN00334,50000,2021-06-28,PAID
REP003437,LN00334,50000,2021-07-28,PAID
REP003438,LN00334,50000,2021-08-31,PAID
REP003439,LN00334,50000,2021-10-03,PAID
REP003440,LN00335,116500,2024-01-17,PAID
REP003441,LN00335,116500,2024-02-19,PAID
REP003442,LN00336,8500,2021-04-14,PAID
REP003443,LN00336,8500,2021-05-14,PAID
REP003444,LN00336,8500,2021-06-19,PAID
REP003445,LN00336,8500,2021-07-20,PAID
REP003446,LN00336,8500,2021-08-12,PAID
REP003447,LN00336,8500,2021-09-12,PAID
REP003448,LN00336,8500,2021-10-18,PAID
REP003449,LN00336,8500,2021-11-18,PAID
REP003450,LN00336,8500,2021-12-15,PAID
REP003451,LN00336,8500,2022-01-17,PAID
REP003452,LN00336,8500,2022-02-13,PAID
REP003453,LN00336,8500,2022-03-16,PAID
REP003454,LN00336,8500,2022-04-14,PAID
REP003455,LN00336,8500,2022-05-11,PAID
REP003456,LN00336,8500,2022-06-15,PAID
REP003457,LN00337,131500,2023-10-10,PAID
REP003458,LN00337,131500,2023-11-09,PAID
REP003459,LN00337,131500,2023-12-07,PAID
REP003460,LN00337,131500,2024-01-07,PAID
REP003461,LN00337,131500,2024-02-08,PAID
REP003462,LN00337,131500,2024-03-10,PAID
REP003463,LN00337,131500,2024-04-03,PAID
REP003464,LN00337,131500,2024-05-06,PAID
REP003465,LN00337,131500,2024-06-02,PAID
REP003466,LN00337,131500,2024-07-08,PAID
REP003467,LN00337,131500,2024-08-01,PAID
REP003468,LN00337,131500,2024-08-31,PAID
REP003469,LN00338,47500,2024-05-21,PAID
REP003470,LN00338,47500,2024-06-20,PAID
REP003471,LN00338,47500,2024-07-22,PAID
REP003472,LN00338,47500,2024-08-21,PAID
REP003473,LN00338,47500,2024-09-12,PAID
REP003474,LN00338,47500,2024-10-20,PAID
REP003475,LN00338,47500,2024-11-13,PAID
REP003476,LN00339,35500,2021-02-07,PAID
REP003477,LN00339,35500,2021-03-07,PAID
REP003478,LN00339,35500,2021-04-07,PAID
REP003479,LN00339,35500,2021-05-07,PAID
REP003480,LN00339,35500,2021-06-05,PAID
REP003481,LN00339,35500,2021-07-01,PAID
REP003482,LN00339,35500,2021-08-06,PAID
REP003483,LN00339,35500,2021-09-01,PAID
REP003484,LN00339,35500,2021-10-06,PAID
REP003485,LN00339,35500,2021-11-04,PAID
REP003486,LN00339,35500,2021-11-28,PAID
REP003487,LN00340,59000,2021-11-07,PAID
REP003488,LN00340,59000,2021-12-09,PAID
REP003489,LN00340,59000,2022-01-05,PAID
REP003490,LN00340,59000,2022-02-02,PAID
REP003491,LN00340,59000,2022-03-06,LATE
REP003492,LN00340,59000,2022-04-02,PAID
REP003493,LN00340,59000,2022-05-05,PAID
REP003494,LN00340,59000,2022-06-02,PAID
REP003495,LN00340,59000,2022-07-08,PAID
REP003496,LN00340,59000,2022-08-06,PAID
REP003497,LN00340,59000,2022-09-05,LATE
REP003498,LN00340,59000,2022-10-03,PAID
REP003499,LN00340,59000,2022-11-03,PAID
REP003500,LN00340,59000,2022-12-04,PAID
REP003501,LN00340,59000,2023-01-04,PAID
REP003502,LN00340,59000,2023-01-27,PAID
REP003503,LN00340,59000,2023-02-26,PAID
REP003504,LN00340,59000,2023-04-02,LATE
REP003505,LN00340,59000,2023-05-04,PAID
REP003506,LN00340,59000,2023-06-02,PAID
REP003507,LN00340,59000,2023-06-27,PAID
REP003508,LN00340,59000,2023-07-31,PAID
REP003509,LN00340,59000,2023-09-01,PAID
REP003510,LN00340,59000,2023-09-30,LATE
REP003511,LN00340,59000,2023-10-31,PAID
REP003512,LN00340,59000,2023-11-24,PAID
REP003513,LN00340,59000,2023-12-31,PAID
REP003514,LN00340,59000,2024-01-25,PAID
REP003515,LN00340,59000,2024-02-22,PAID
REP003516,LN00340,59000,2024-03-27,PAID
REP003517,LN00340,59000,2024-04-28,LATE
REP003518,LN00340,59000,2024-05-25,PAID
REP003519,LN00340,59000,2024-06-27,PAID
REP003520,LN00340,59000,2024-07-26,PAID
REP003521,LN00340,59000,2024-08-21,PAID
REP003522,LN00340,59000,2024-09-18,PAID
REP003523,LN00341,27000,2023-04-02,PAID
REP003524,LN00341,27000,2023-04-27,PAID
REP003525,LN00341,27000,2023-05-31,PAID
REP003526,LN00341,27000,2023-07-02,PAID
REP003527,LN00341,27000,2023-07-24,PAID
REP003528,LN00341,27000,2023-08-24,PAID
REP003529,LN00341,27000,2023-09-29,PAID
REP003530,LN00341,27000,2023-10-29,PAID
REP003531,LN00341,27000,2023-11-23,LATE
REP003532,LN00341,27000,2023-12-26,PAID
REP003533,LN00341,27000,2024-01-22,PAID
REP003534,LN00341,27000,2024-02-20,PAID
REP003535,LN00341,27000,2024-03-27,PAID
REP003536,LN00341,27000,2024-04-25,PAID
REP003537,LN00341,27000,2024-05-21,PAID
REP003538,LN00341,27000,2024-06-18,PAID
REP003539,LN00341,27000,2024-07-21,PAID
REP003540,LN00341,27000,2024-08-24,PAID
REP003541,LN00341,27000,2024-09-23,PAID
REP003542,LN00341,27000,2024-10-17,PAID
REP003543,LN00341,27000,2024-11-17,PAID
REP003544,LN00341,27000,2024-12-15,PAID
REP003545,LN00341,27000,2025-01-19,PAID
REP003546,LN00341,27000,2025-02-19,LATE
REP003547,LN00341,27000,2025-03-23,PAID
REP003548,LN00341,27000,2025-04-19,PAID
REP003549,LN00341,27000,2025-05-15,PAID
REP003550,LN00341,27000,2025-06-13,PAID
REP003551,LN00341,27000,2025-07-21,PAID
REP003552,LN00341,27000,2025-08-13,PAID
REP003553,LN00341,27000,2025-09-15,PAID
REP003554,LN00341,27000,2025-10-16,PAID
REP003555,LN00341,27000,2025-11-18,PAID
REP003556,LN00341,27000,2025-12-12,PAID
REP003557,LN00341,27000,2026-01-11,PAID
REP003558,LN00341,27000,2026-02-10,PAID
REP003559,LN00342,76000,2022-08-08,PAID
REP003560,LN00342,76000,2022-09-08,PAID
REP003561,LN00342,76000,2022-10-04,PAID
REP003562,LN00342,76000,2022-11-01,PAID
REP003563,LN00342,76000,2022-11-30,PAID
REP003564,LN00342,76000,2023-01-01,PAID
REP003565,LN00342,76000,2023-02-01,PAID
REP003566,LN00342,76000,2023-03-05,LATE
REP003567,LN00342,76000,2023-03-29,PAID
REP003568,LN00342,76000,2023-04-28,PAID
REP003569,LN00342,76000,2023-06-01,PAID
REP003570,LN00342,76000,2023-06-27,PAID
REP003571,LN00342,76000,2023-07-29,PAID
REP003572,LN00342,76000,2023-08-29,PAID
REP003573,LN00342,76000,2023-09-28,PAID
REP003574,LN00342,76000,2023-11-01,PAID
REP003575,LN00342,76000,2023-11-27,PAID
REP003576,LN00342,76000,2023-12-30,PAID
REP003577,LN00342,76000,2024-01-31,PAID
REP003578,LN00342,76000,2024-02-23,PAID
REP003579,LN00342,76000,2024-03-25,PAID
REP003580,LN00342,76000,2024-04-24,PAID
REP003581,LN00342,76000,2024-05-23,PAID
REP003582,LN00342,76000,2024-06-22,PAID
REP003583,LN00343,32000,2020-02-13,PAID
REP003584,LN00343,32000,2020-03-17,PAID
REP003585,LN00343,32000,2020-04-15,PAID
REP003586,LN00343,32000,2020-05-14,PAID
REP003587,LN00343,32000,2020-06-15,LATE
REP003588,LN00343,32000,2020-07-14,PAID
REP003589,LN00343,32000,2020-08-08,PAID
REP003590,LN00343,32000,2020-09-12,PAID
REP003591,LN00343,32000,2020-10-10,PAID
REP003592,LN00343,32000,2020-11-08,PAID
REP003593,LN00343,32000,2020-12-14,PAID
REP003594,LN00343,32000,2021-01-07,PAID
REP003595,LN00343,32000,2021-02-12,PAID
REP003596,LN00343,32000,2021-03-07,PAID
REP003597,LN00343,32000,2021-04-05,PAID
REP003598,LN00343,32000,2021-05-13,PAID
REP003599,LN00343,32000,2021-06-06,PAID
REP003600,LN00343,32000,2021-07-04,PAID
REP003601,LN00344,64500,2022-12-14,PAID
REP003602,LN00344,64500,2023-01-14,PAID
REP003603,LN00344,64500,2023-02-16,PAID
REP003604,LN00344,64500,2023-03-14,PAID
REP003605,LN00344,64500,2023-04-16,PAID
REP003606,LN00344,64500,2023-05-15,PAID
REP003607,LN00344,64500,2023-06-16,PAID
REP003608,LN00344,64500,2023-07-10,PAID
REP003609,LN00344,64500,2023-08-08,PAID
REP003610,LN00344,64500,2023-09-11,PAID
REP003611,LN00344,64500,2023-10-07,PAID
REP003612,LN00344,64500,2023-11-09,PAID
REP003613,LN00344,64500,2023-12-09,PAID
REP003614,LN00345,124000,2020-11-11,PAID
REP003615,LN00345,124000,2020-12-11,PAID
REP003616,LN00345,124000,2021-01-08,PAID
REP003617,LN00345,124000,2021-02-08,PAID
REP003618,LN00346,96000,2023-04-15,PAID
REP003619,LN00346,96000,2023-05-16,PAID
REP003620,LN00346,96000,2023-06-15,PAID
REP003621,LN00346,96000,2023-07-12,PAID
REP003622,LN00346,96000,2023-08-10,PAID
REP003623,LN00346,96000,2023-09-11,PAID
REP003624,LN00346,96000,2023-10-12,PAID
REP003625,LN00346,96000,2023-11-14,PAID
REP003626,LN00346,96000,2023-12-13,PAID
REP003627,LN00346,96000,2024-01-07,PAID
REP003628,LN00346,96000,2024-02-08,PAID
REP003629,LN00346,96000,2024-03-08,PAID
REP003630,LN00346,96000,2024-04-09,PAID
REP003631,LN00346,96000,2024-05-11,PAID
REP003632,LN00346,96000,2024-06-09,PAID
REP003633,LN00346,96000,2024-07-07,PAID
REP003634,LN00346,96000,2024-08-09,PAID
REP003635,LN00346,96000,2024-09-03,PAID
REP003636,LN00346,96000,2024-10-02,PAID
REP003637,LN00346,96000,2024-11-06,PAID
REP003638,LN00346,96000,2024-12-06,LATE
REP003639,LN00346,96000,2025-01-02,PAID
REP003640,LN00346,96000,2025-02-02,PAID
REP003641,LN00346,96000,2025-03-07,PAID
REP003642,LN00347,42000,2022-10-31,PAID
REP003643,LN00347,42000,2022-11-26,PAID
REP003644,LN00347,42000,2022-12-28,PAID
REP003645,LN00347,42000,2023-01-21,PAID
REP003646,LN00347,42000,2023-02-27,PAID
REP003647,LN00347,42000,2023-03-29,PAID
REP003648,LN00347,42000,2023-04-26,PAID
REP003649,LN00347,42000,2023-05-23,PAID
REP003650,LN00347,42000,2023-06-20,LATE
REP003651,LN00347,42000,2023-07-21,PAID
REP003652,LN00347,42000,2023-08-27,PAID
REP003653,LN00347,42000,2023-09-20,PAID
REP003654,LN00347,42000,2023-10-24,PAID
REP003655,LN00347,42000,2023-11-17,LATE
REP003656,LN00347,42000,2023-12-22,PAID
REP003657,LN00347,42000,2024-01-20,PAID
REP003658,LN00347,42000,2024-02-18,PAID
REP003659,LN00347,42000,2024-03-20,PAID
REP003660,LN00347,42000,2024-04-20,PAID
REP003661,LN00347,42000,2024-05-17,LATE
REP003662,LN00347,42000,2024-06-19,PAID
REP003663,LN00347,42000,2024-07-16,PAID
REP003664,LN00347,42000,2024-08-19,PAID
REP003665,LN00347,42000,2024-09-12,PAID
REP003666,LN00347,42000,2024-10-13,PAID
REP003667,LN00347,42000,2024-11-15,PAID
REP003668,LN00347,42000,2024-12-12,PAID
REP003669,LN00347,42000,2025-01-16,PAID
REP003670,LN00347,42000,2025-02-16,PAID
REP003671,LN00347,42000,2025-03-13,PAID
REP003672,LN00347,42000,2025-04-14,PAID
REP003673,LN00347,42000,2025-05-13,PAID
REP003674,LN00347,42000,2025-06-15,PAID
REP003675,LN00347,42000,2025-07-15,PAID
REP003676,LN00347,42000,2025-08-11,PAID
REP003677,LN00347,42000,2025-09-08,PAID
REP003678,LN00348,150000,2024-06-19,PAID
REP003679,LN00348,150000,2024-07-18,PAID
REP003680,LN00349,44500,2024-04-07,PAID
REP003681,LN00349,44500,2024-05-11,PAID
REP003682,LN00349,44500,2024-06-13,PAID
REP003683,LN00349,44500,2024-07-14,PAID
REP003684,LN00349,44500,2024-08-05,PAID
REP003685,LN00349,44500,2024-09-10,PAID
REP003686,LN00349,44500,2024-10-07,PAID
REP003687,LN00349,44500,2024-11-04,PAID
REP003688,LN00349,44500,2024-12-09,PAID
REP003689,LN00349,44500,2025-01-08,PAID
REP003690,LN00349,44500,2025-02-06,PAID
REP003691,LN00349,44500,2025-03-07,PAID
REP003692,LN00349,44500,2025-04-06,PAID
REP003693,LN00350,23500,2023-02-13,PAID
REP003694,LN00350,23500,2023-03-11,PAID
REP003695,LN00350,23500,2023-04-08,PAID
REP003696,LN00350,23500,2023-05-07,PAID
REP003697,LN00350,23500,2023-06-11,PAID
REP003698,LN00350,23500,2023-07-06,PAID
REP003699,LN00350,23500,2023-08-12,PAID
REP003700,LN00350,23500,2023-09-05,PAID
REP003701,LN00350,23500,2023-10-09,PAID
REP003702,LN00350,23500,2023-11-08,PAID
REP003703,LN00350,23500,2023-12-07,PAID
REP003704,LN00350,23500,2024-01-04,PAID
REP003705,LN00350,23500,2024-02-09,PAID
REP003706,LN00351,35500,2024-04-17,PAID
REP003707,LN00351,35500,2024-05-22,LATE
REP003708,LN00351,35500,2024-06-19,PAID
REP003709,LN00351,35500,2024-07-18,PAID
REP003710,LN00351,35500,2024-08-23,PAID
REP003711,LN00351,35500,2024-09-15,PAID
REP003712,LN00351,35500,2024-10-18,PAID
REP003713,LN00352,67500,2020-10-26,PAID
REP003714,LN00352,67500,2020-11-27,PAID
REP003715,LN00352,67500,2020-12-25,PAID
REP003716,LN00352,67500,2021-01-26,PAID
REP003717,LN00352,67500,2021-02-22,PAID
REP003718,LN00353,54000,2022-04-23,PAID
REP003719,LN00353,54000,2022-05-25,PAID
REP003720,LN00353,54000,2022-06-29,PAID
REP003721,LN00354,39500,2022-04-19,LATE
REP003722,LN00354,39500,2022-05-19,PAID
REP003723,LN00354,39500,2022-06-16,PAID
REP003724,LN00354,39500,2022-07-16,PAID
REP003725,LN00354,39500,2022-08-16,PAID
REP003726,LN00354,39500,2022-09-20,PAID
REP003727,LN00355,72000,2021-07-28,PAID
REP003728,LN00355,72000,2021-08-27,PAID
REP003729,LN00355,72000,2021-09-24,PAID
REP003730,LN00355,72000,2021-10-26,PAID
REP003731,LN00355,72000,2021-12-01,PAID
REP003732,LN00355,72000,2021-12-31,PAID
REP003733,LN00356,46500,2022-02-20,PAID
REP003734,LN00358,106000,2023-12-03,PAID
REP003735,LN00358,106000,2024-01-03,PAID
REP003736,LN00358,106000,2024-02-04,PAID
REP003737,LN00358,106000,2024-03-04,PAID
REP003738,LN00358,106000,2024-04-06,PAID
REP003739,LN00358,106000,2024-04-30,PAID
REP003740,LN00358,106000,2024-05-31,PAID
REP003741,LN00358,106000,2024-06-28,PAID
REP003742,LN00359,7000,2023-07-24,LATE
REP003743,LN00359,7000,2023-08-28,PAID
REP003744,LN00359,7000,2023-09-27,PAID
REP003745,LN00359,7000,2023-10-26,PAID
REP003746,LN00360,103500,2020-03-22,PAID
REP003747,LN00360,103500,2020-04-21,PAID
REP003748,LN00360,103500,2020-05-19,PAID
REP003749,LN00360,103500,2020-06-20,PAID
REP003750,LN00360,103500,2020-07-14,PAID
REP003751,LN00360,103500,2020-08-18,PAID
REP003752,LN00360,103500,2020-09-10,PAID
REP003753,LN00361,49000,2022-10-17,PAID
REP003754,LN00361,49000,2022-11-18,PAID
REP003755,LN00361,49000,2022-12-16,PAID
REP003756,LN00361,49000,2023-01-16,PAID
REP003757,LN00361,49000,2023-02-10,PAID
REP003758,LN00361,49000,2023-03-14,PAID
REP003759,LN00361,49000,2023-04-13,PAID
REP003760,LN00361,49000,2023-05-15,PAID
REP003761,LN00361,49000,2023-06-12,LATE
REP003762,LN00361,49000,2023-07-13,PAID
REP003763,LN00361,49000,2023-08-13,PAID
REP003764,LN00361,49000,2023-09-15,PAID
REP003765,LN00362,90000,2021-01-13,PAID
REP003766,LN00362,90000,2021-02-15,PAID
REP003767,LN00363,70000,2020-06-14,PAID
REP003768,LN00363,70000,2020-07-13,PAID
REP003769,LN00363,70000,2020-08-11,PAID
REP003770,LN00363,70000,2020-09-16,PAID
REP003771,LN00364,102000,2021-09-24,PAID
REP003772,LN00364,102000,2021-10-22,PAID
REP003773,LN00364,102000,2021-11-25,PAID
REP003774,LN00364,102000,2021-12-17,PAID
REP003775,LN00364,102000,2022-01-23,PAID
REP003776,LN00364,102000,2022-02-20,PAID
REP003777,LN00364,102000,2022-03-25,PAID
REP003778,LN00364,102000,2022-04-17,PAID
REP003779,LN00364,102000,2022-05-24,PAID
REP003780,LN00364,102000,2022-06-15,PAID
REP003781,LN00364,102000,2022-07-23,PAID
REP003782,LN00364,102000,2022-08-21,PAID
REP003783,LN00364,102000,2022-09-20,PAID
REP003784,LN00364,102000,2022-10-18,PAID
REP003785,LN00364,102000,2022-11-12,PAID
REP003786,LN00364,102000,2022-12-13,PAID
REP003787,LN00364,102000,2023-01-18,PAID
REP003788,LN00364,102000,2023-02-18,LATE
REP003789,LN00364,102000,2023-03-20,PAID
REP003790,LN00364,102000,2023-04-19,PAID
REP003791,LN00364,102000,2023-05-13,PAID
REP003792,LN00364,102000,2023-06-16,PAID
REP003793,LN00364,102000,2023-07-17,PAID
REP003794,LN00364,102000,2023-08-13,PAID
REP003795,LN00365,14000,2023-06-04,PAID
REP003796,LN00365,14000,2023-07-07,PAID
REP003797,LN00365,14000,2023-08-02,LATE
REP003798,LN00365,14000,2023-09-01,PAID
REP003799,LN00365,14000,2023-10-04,PAID
REP003800,LN00365,14000,2023-11-03,PAID
REP003801,LN00365,14000,2023-12-02,PAID
REP003802,LN00366,24000,2021-06-20,LATE
REP003803,LN00366,24000,2021-07-18,PAID
REP003804,LN00366,24000,2021-08-16,PAID
REP003805,LN00366,24000,2021-09-22,PAID
REP003806,LN00366,24000,2021-10-18,PAID
REP003807,LN00366,24000,2021-11-16,PAID
REP003808,LN00366,24000,2021-12-21,PAID
REP003809,LN00366,24000,2022-01-20,PAID
REP003810,LN00366,24000,2022-02-17,PAID
REP003811,LN00367,138500,2022-01-31,PAID
REP003812,LN00367,138500,2022-02-27,PAID
REP003813,LN00367,138500,2022-04-02,PAID
REP003814,LN00367,138500,2022-04-29,PAID
REP003815,LN00367,138500,2022-05-29,PAID
REP003816,LN00367,138500,2022-07-01,PAID
REP003817,LN00368,396000,2022-04-02,PAID
REP003818,LN00368,396000,2022-04-29,PAID
REP003819,LN00368,396000,2022-06-02,PAID
REP003820,LN00369,100000,2020-08-02,PAID
REP003821,LN00369,100000,2020-08-30,PAID
REP003822,LN00369,100000,2020-09-27,PAID
REP003823,LN00369,100000,2020-10-27,PAID
REP003824,LN00369,100000,2020-11-24,PAID
REP003825,LN00369,100000,2020-12-25,PAID
REP003826,LN00369,100000,2021-01-24,PAID
REP003827,LN00369,100000,2021-02-22,PAID
REP003828,LN00369,100000,2021-03-30,PAID
REP003829,LN00369,100000,2021-04-27,PAID
REP003830,LN00369,100000,2021-05-27,PAID
REP003831,LN00369,100000,2021-06-24,PAID
REP003832,LN00369,100000,2021-07-22,PAID
REP003833,LN00369,100000,2021-08-20,PAID
REP003834,LN00369,100000,2021-09-18,PAID
REP003835,LN00369,100000,2021-10-24,PAID
REP003836,LN00369,100000,2021-11-24,PAID
REP003837,LN00369,100000,2021-12-22,PAID
REP003838,LN00369,100000,2022-01-17,PAID
REP003839,LN00369,100000,2022-02-22,PAID
REP003840,LN00369,100000,2022-03-24,PAID
REP003841,LN00369,100000,2022-04-22,PAID
REP003842,LN00369,100000,2022-05-22,PAID
REP003843,LN00369,100000,2022-06-18,PAID
REP003844,LN00370,30500,2021-06-05,PAID
REP003845,LN00370,30500,2021-07-08,PAID
REP003846,LN00370,30500,2021-08-03,PAID
REP003847,LN00370,30500,2021-09-02,PAID
REP003848,LN00370,30500,2021-10-01,PAID
REP003849,LN00370,30500,2021-11-06,PAID
REP003850,LN00370,30500,2021-12-01,PAID
REP003851,LN00370,30500,2022-01-01,PAID
REP003852,LN00370,30500,2022-01-29,PAID
REP003853,LN00370,30500,2022-02-28,PAID
REP003854,LN00370,30500,2022-04-04,PAID
REP003855,LN00370,30500,2022-05-04,PAID
REP003856,LN00370,30500,2022-05-30,LATE
REP003857,LN00370,30500,2022-07-02,PAID
REP003858,LN00370,30500,2022-07-28,PAID
REP003859,LN00370,30500,2022-08-28,PAID
REP003860,LN00370,30500,2022-09-26,PAID
REP003861,LN00370,30500,2022-10-29,PAID
REP003862,LN00370,30500,2022-12-01,PAID
REP003863,LN00370,30500,2023-01-01,PAID
REP003864,LN00370,30500,2023-01-28,PAID
REP003865,LN00370,30500,2023-03-03,PAID
REP003866,LN00370,30500,2023-03-29,PAID
REP003867,LN00370,30500,2023-05-01,PAID
REP003868,LN00370,30500,2023-05-28,PAID
REP003869,LN00370,30500,2023-07-01,PAID
REP003870,LN00370,30500,2023-07-26,PAID
REP003871,LN00370,30500,2023-08-22,PAID
REP003872,LN00370,30500,2023-09-26,PAID
REP003873,LN00370,30500,2023-10-28,PAID
REP003874,LN00370,30500,2023-11-25,PAID
REP003875,LN00370,30500,2023-12-24,PAID
REP003876,LN00370,30500,2024-01-25,PAID
REP003877,LN00370,30500,2024-02-21,PAID
REP003878,LN00370,30500,2024-03-23,PAID
REP003879,LN00370,30500,2024-04-21,PAID
REP003880,LN00371,123000,2020-10-25,LATE
REP003881,LN00371,123000,2020-11-22,PAID
REP003882,LN00372,30500,2023-12-09,PAID
REP003883,LN00372,30500,2024-01-14,PAID
REP003884,LN00372,30500,2024-02-07,PAID
REP003885,LN00372,30500,2024-03-12,PAID
REP003886,LN00372,30500,2024-04-09,PAID
REP003887,LN00372,30500,2024-05-12,PAID
REP003888,LN00372,30500,2024-06-13,PAID
REP003889,LN00372,30500,2024-07-09,PAID
REP003890,LN00372,30500,2024-08-07,PAID
REP003891,LN00372,30500,2024-09-03,PAID
REP003892,LN00372,30500,2024-10-09,PAID
REP003893,LN00372,30500,2024-11-03,LATE
REP003894,LN00372,30500,2024-12-06,PAID
REP003895,LN00372,30500,2025-01-08,PAID
REP003896,LN00372,30500,2025-02-06,PAID
REP003897,LN00372,30500,2025-03-07,PAID
REP003898,LN00372,30500,2025-04-06,PAID
REP003899,LN00372,30500,2025-05-07,PAID
REP003900,LN00372,30500,2025-06-02,LATE
REP003901,LN00372,30500,2025-07-02,PAID
REP003902,LN00372,30500,2025-08-05,PAID
REP003903,LN00372,30500,2025-09-03,PAID
REP003904,LN00372,30500,2025-09-30,PAID
REP003905,LN00372,30500,2025-11-04,PAID
REP003906,LN00372,30500,2025-11-30,PAID
REP003907,LN00372,30500,2026-01-02,LATE
REP003908,LN00372,30500,2026-01-26,PAID
REP003909,LN00372,30500,2026-03-02,PAID
REP003910,LN00372,30500,2026-04-01,PAID
REP003911,LN00372,30500,2026-04-27,PAID
REP003912,LN00372,30500,2026-06-03,PAID
REP003913,LN00372,30500,2026-06-27,PAID
REP003914,LN00372,30500,2026-08-02,PAID
REP003915,LN00372,30500,2026-08-30,PAID
REP003916,LN00372,30500,2026-09-26,PAID
REP003917,LN00372,30500,2026-10-23,PAID
REP003918,LN00373,66000,2020-06-18,PAID
REP003919,LN00373,66000,2020-07-21,LATE
REP003920,LN00373,66000,2020-08-18,LATE
REP003921,LN00373,66000,2020-09-13,PAID
REP003922,LN00373,66000,2020-10-18,PAID
REP003923,LN00373,66000,2020-11-14,PAID
REP003924,LN00373,66000,2020-12-14,PAID
REP003925,LN00373,66000,2021-01-14,PAID
REP003926,LN00373,66000,2021-02-09,PAID
REP003927,LN00373,66000,2021-03-15,PAID
REP003928,LN00373,66000,2021-04-10,PAID
REP003929,LN00373,66000,2021-05-10,PAID
REP003930,LN00373,66000,2021-06-16,PAID
REP003931,LN00373,66000,2021-07-09,PAID
REP003932,LN00373,66000,2021-08-09,PAID
REP003933,LN00373,66000,2021-09-11,PAID
REP003934,LN00373,66000,2021-10-15,PAID
REP003935,LN00373,66000,2021-11-06,PAID
REP003936,LN00374,133500,2024-05-17,PAID
REP003937,LN00374,133500,2024-06-12,PAID
REP003938,LN00374,133500,2024-07-15,PAID
REP003939,LN00374,133500,2024-08-19,PAID
REP003940,LN00374,133500,2024-09-11,PAID
REP003941,LN00374,133500,2024-10-16,PAID
REP003942,LN00374,133500,2024-11-14,PAID
REP003943,LN00374,133500,2024-12-12,LATE
REP003944,LN00374,133500,2025-01-14,PAID
REP003945,LN00374,133500,2025-02-10,PAID
REP003946,LN00374,133500,2025-03-09,PAID
REP003947,LN00374,133500,2025-04-12,PAID
REP003948,LN00374,133500,2025-05-12,PAID
REP003949,LN00374,133500,2025-06-13,PAID
REP003950,LN00374,133500,2025-07-13,PAID
REP003951,LN00374,133500,2025-08-08,PAID
REP003952,LN00374,133500,2025-09-09,PAID
REP003953,LN00374,133500,2025-10-13,PAID
REP003954,LN00375,31000,2024-06-11,PAID
REP003955,LN00375,31000,2024-07-11,PAID
REP003956,LN00375,31000,2024-08-09,PAID
REP003957,LN00375,31000,2024-09-09,PAID
REP003958,LN00375,31000,2024-10-12,PAID
REP003959,LN00375,31000,2024-11-08,PAID
REP003960,LN00375,31000,2024-12-12,PAID
REP003961,LN00375,31000,2025-01-14,PAID
REP003962,LN00375,31000,2025-02-06,PAID
REP003963,LN00375,31000,2025-03-11,PAID
REP003964,LN00375,31000,2025-04-11,PAID
REP003965,LN00375,31000,2025-05-11,PAID
REP003966,LN00375,31000,2025-06-08,PAID
REP003967,LN00376,51500,2023-07-05,PAID
REP003968,LN00376,51500,2023-08-05,PAID
REP003969,LN00376,51500,2023-09-05,PAID
REP003970,LN00377,50000,2022-11-29,PAID
REP003971,LN00378,50500,2020-11-11,PAID
REP003972,LN00378,50500,2020-12-09,LATE
REP003973,LN00378,50500,2021-01-09,PAID
REP003974,LN00378,50500,2021-02-08,PAID
REP003975,LN00378,50500,2021-03-12,PAID
REP003976,LN00378,50500,2021-04-09,PAID
REP003977,LN00378,50500,2021-05-06,PAID
REP003978,LN00378,50500,2021-06-09,PAID
REP003979,LN00378,50500,2021-07-03,PAID
REP003980,LN00378,50500,2021-08-04,PAID
REP003981,LN00378,50500,2021-09-07,PAID
REP003982,LN00378,50500,2021-10-07,PAID
REP003983,LN00378,50500,2021-11-04,PAID
REP003984,LN00379,17500,2021-04-27,PAID
REP003985,LN00379,17500,2021-05-27,PAID
REP003986,LN00379,17500,2021-06-26,PAID
REP003987,LN00379,17500,2021-07-31,PAID
REP003988,LN00379,17500,2021-08-31,PAID
REP003989,LN00379,17500,2021-09-24,PAID
REP003990,LN00379,17500,2021-10-31,PAID
REP003991,LN00379,17500,2021-11-24,PAID
REP003992,LN00379,17500,2021-12-31,PAID
REP003993,LN00379,17500,2022-01-24,PAID
REP003994,LN00379,17500,2022-03-01,PAID
REP003995,LN00379,17500,2022-03-28,PAID
REP003996,LN00379,17500,2022-04-22,PAID
REP003997,LN00380,86500,2022-08-27,PAID
REP003998,LN00380,86500,2022-09-29,PAID
REP003999,LN00380,86500,2022-10-25,LATE
REP004000,LN00380,86500,2022-11-21,PAID
REP004001,LN00380,86500,2022-12-24,PAID
REP004002,LN00380,86500,2023-01-21,PAID
REP004003,LN00380,86500,2023-02-24,PAID
REP004004,LN00380,86500,2023-03-24,PAID
REP004005,LN00380,86500,2023-04-25,PAID
REP004006,LN00380,86500,2023-05-27,PAID
REP004007,LN00380,86500,2023-06-25,PAID
REP004008,LN00380,86500,2023-07-22,PAID
REP004009,LN00382,86500,2020-09-12,PAID
REP004010,LN00382,86500,2020-10-08,PAID
REP004011,LN00382,86500,2020-11-14,PAID
REP004012,LN00382,86500,2020-12-07,PAID
REP004013,LN00382,86500,2021-01-06,PAID
REP004014,LN00382,86500,2021-02-09,PAID
REP004015,LN00382,86500,2021-03-07,PAID
REP004016,LN00382,86500,2021-04-08,PAID
REP004017,LN00382,86500,2021-05-06,PAID
REP004018,LN00382,86500,2021-06-08,PAID
REP004019,LN00382,86500,2021-07-12,PAID
REP004020,LN00382,86500,2021-08-04,PAID
REP004021,LN00382,86500,2021-09-10,PAID
REP004022,LN00382,86500,2021-10-10,PAID
REP004023,LN00382,86500,2021-11-09,PAID
REP004024,LN00382,86500,2021-12-02,PAID
REP004025,LN00382,86500,2021-12-31,PAID
REP004026,LN00382,86500,2022-02-05,PAID
REP004027,LN00382,86500,2022-03-06,PAID
REP004028,LN00382,86500,2022-03-31,PAID
REP004029,LN00382,86500,2022-05-01,PAID
REP004030,LN00382,86500,2022-05-30,PAID
REP004031,LN00382,86500,2022-07-06,LATE
REP004032,LN00382,86500,2022-08-03,PAID
REP004033,LN00382,86500,2022-08-29,PAID
REP004034,LN00382,86500,2022-10-05,PAID
REP004035,LN00383,80000,2023-03-16,PAID
REP004036,LN00383,80000,2023-04-16,PAID
REP004037,LN00383,80000,2023-05-15,PAID
REP004038,LN00383,80000,2023-06-13,PAID
REP004039,LN00384,25500,2021-10-14,PAID
REP004040,LN00385,76000,2023-09-20,PAID
REP004041,LN00385,76000,2023-10-18,LATE
REP004042,LN00385,76000,2023-11-19,PAID
REP004043,LN00385,76000,2023-12-14,PAID
REP004044,LN00385,76000,2024-01-13,PAID
REP004045,LN00385,76000,2024-02-12,PAID
REP004046,LN00385,76000,2024-03-16,PAID
REP004047,LN00385,76000,2024-04-17,PAID
REP004048,LN00385,76000,2024-05-11,PAID
REP004049,LN00385,76000,2024-06-14,PAID
REP004050,LN00385,76000,2024-07-12,PAID
REP004051,LN00385,76000,2024-08-08,PAID
REP004052,LN00385,76000,2024-09-10,PAID
REP004053,LN00385,76000,2024-10-13,LATE
REP004054,LN00385,76000,2024-11-06,PAID
REP004055,LN00385,76000,2024-12-08,PAID
REP004056,LN00385,76000,2025-01-06,PAID
REP004057,LN00385,76000,2025-02-04,PAID
REP004058,LN00385,76000,2025-03-08,PAID
REP004059,LN00385,76000,2025-04-04,PAID
REP004060,LN00385,76000,2025-05-07,PAID
REP004061,LN00385,76000,2025-06-04,PAID
REP004062,LN00385,76000,2025-07-05,PAID
REP004063,LN00385,76000,2025-08-06,PAID
REP004064,LN00387,97000,2020-08-02,PAID
REP004065,LN00387,97000,2020-08-29,PAID
REP004066,LN00387,97000,2020-10-03,PAID
REP004067,LN00387,97000,2020-10-30,PAID
REP004068,LN00387,97000,2020-11-28,PAID
REP004069,LN00387,97000,2021-01-01,PAID
REP004070,LN00387,97000,2021-02-01,PAID
REP004071,LN00387,97000,2021-03-01,PAID
REP004072,LN00387,97000,2021-03-30,PAID
REP004073,LN00387,97000,2021-04-28,PAID
REP004074,LN00387,97000,2021-05-31,PAID
REP004075,LN00387,97000,2021-06-28,PAID
REP004076,LN00387,97000,2021-07-29,PAID
REP004077,LN00387,97000,2021-08-28,LATE
REP004078,LN00387,97000,2021-09-30,PAID
REP004079,LN00387,97000,2021-10-23,PAID
REP004080,LN00387,97000,2021-11-30,PAID
REP004081,LN00387,97000,2021-12-28,PAID
REP004082,LN00388,11000,2020-09-21,PAID
REP004083,LN00388,11000,2020-10-21,PAID
REP004084,LN00388,11000,2020-11-16,PAID
REP004085,LN00388,11000,2020-12-24,PAID
REP004086,LN00388,11000,2021-01-22,PAID
REP004087,LN00388,11000,2021-02-17,PAID
REP004088,LN00388,11000,2021-03-20,PAID
REP004089,LN00388,11000,2021-04-21,PAID
REP004090,LN00388,11000,2021-05-22,PAID
REP004091,LN00388,11000,2021-06-16,LATE
REP004092,LN00388,11000,2021-07-17,PAID
REP004093,LN00388,11000,2021-08-19,PAID
REP004094,LN00388,11000,2021-09-20,PAID
REP004095,LN00388,11000,2021-10-14,PAID
REP004096,LN00388,11000,2021-11-16,PAID
REP004097,LN00388,11000,2021-12-12,PAID
REP004098,LN00388,11000,2022-01-18,PAID
REP004099,LN00388,11000,2022-02-15,LATE
REP004100,LN00388,11000,2022-03-12,PAID
REP004101,LN00388,11000,2022-04-14,PAID
REP004102,LN00388,11000,2022-05-13,PAID
REP004103,LN00388,11000,2022-06-17,PAID
REP004104,LN00388,11000,2022-07-17,PAID
REP004105,LN00388,11000,2022-08-15,PAID
REP004106,LN00389,80500,2023-02-28,PAID
REP004107,LN00389,80500,2023-03-30,PAID
REP004108,LN00389,80500,2023-05-07,PAID
REP004109,LN00389,80500,2023-06-03,LATE
REP004110,LN00389,80500,2023-07-01,PAID
REP004111,LN00389,80500,2023-08-01,PAID
REP004112,LN00389,80500,2023-09-02,PAID
REP004113,LN00389,80500,2023-09-30,PAID
REP004114,LN00389,80500,2023-11-01,PAID
REP004115,LN00389,80500,2023-11-30,PAID
REP004116,LN00389,80500,2024-01-01,PAID
REP004117,LN00389,80500,2024-01-27,PAID
REP004118,LN00389,80500,2024-02-28,PAID
REP004119,LN00389,80500,2024-03-27,PAID
REP004120,LN00389,80500,2024-04-30,PAID
REP004121,LN00389,80500,2024-05-31,LATE
REP004122,LN00389,80500,2024-06-23,PAID
REP004123,LN00389,80500,2024-07-24,PAID
REP004124,LN00389,80500,2024-08-21,PAID
REP004125,LN00389,80500,2024-09-26,PAID
REP004126,LN00389,80500,2024-10-21,PAID
REP004127,LN00389,80500,2024-11-27,PAID
REP004128,LN00389,80500,2024-12-21,PAID
REP004129,LN00389,80500,2025-01-21,PAID
REP004130,LN00390,90000,2020-11-20,LATE
REP004131,LN00390,90000,2020-12-19,PAID
REP004132,LN00390,90000,2021-01-24,PAID
REP004133,LN00390,90000,2021-02-21,PAID
REP004134,LN00390,90000,2021-03-26,PAID
REP004135,LN00390,90000,2021-04-19,PAID
REP004136,LN00390,90000,2021-05-21,PAID
REP004137,LN00390,90000,2021-06-18,PAID
REP004138,LN00390,90000,2021-07-25,PAID
REP004139,LN00390,90000,2021-08-19,LATE
REP004140,LN00390,90000,2021-09-19,PAID
REP004141,LN00390,90000,2021-10-15,PAID
REP004142,LN00391,187500,2023-08-05,PAID
REP004143,LN00391,187500,2023-09-06,PAID
REP004144,LN00391,187500,2023-10-09,PAID
REP004145,LN00391,187500,2023-11-04,LATE
REP004146,LN00392,57500,2022-08-29,PAID
REP004147,LN00392,57500,2022-10-01,PAID
REP004148,LN00393,44000,2023-05-17,PAID
REP004149,LN00393,44000,2023-06-16,PAID
REP004150,LN00393,44000,2023-07-19,PAID
REP004151,LN00393,44000,2023-08-17,PAID
REP004152,LN00393,44000,2023-09-14,PAID
REP004153,LN00393,44000,2023-10-17,PAID
REP004154,LN00393,44000,2023-11-16,PAID
REP004155,LN00393,44000,2023-12-20,PAID
REP004156,LN00393,44000,2024-01-19,PAID
REP004157,LN00393,44000,2024-02-13,LATE
REP004158,LN00393,44000,2024-03-15,PAID
REP004159,LN00393,44000,2024-04-15,PAID
REP004160,LN00393,44000,2024-05-17,PAID
REP004161,LN00393,44000,2024-06-11,PAID
REP004162,LN00393,44000,2024-07-12,PAID
REP004163,LN00393,44000,2024-08-09,PAID
REP004164,LN00393,44000,2024-09-08,PAID
REP004165,LN00393,44000,2024-10-14,PAID
REP004166,LN00393,44000,2024-11-09,PAID
REP004167,LN00393,44000,2024-12-09,PAID
REP004168,LN00393,44000,2025-01-12,PAID
REP004169,LN00393,44000,2025-02-07,PAID
REP004170,LN00393,44000,2025-03-15,PAID
REP004171,LN00393,44000,2025-04-14,PAID
REP004172,LN00394,57000,2021-08-26,PAID
REP004173,LN00394,57000,2021-09-26,PAID
REP004174,LN00394,57000,2021-10-21,PAID
REP004175,LN00394,57000,2021-11-23,PAID
REP004176,LN00394,57000,2021-12-24,PAID
REP004177,LN00394,57000,2022-01-20,PAID
REP004178,LN00394,57000,2022-02-15,PAID
REP004179,LN00394,57000,2022-03-21,PAID
REP004180,LN00394,57000,2022-04-24,PAID
REP004181,LN00394,57000,2022-05-17,PAID
REP004182,LN00394,57000,2022-06-16,PAID
REP004183,LN00395,140500,2020-04-12,PAID
REP004184,LN00395,140500,2020-05-20,PAID
REP004185,LN00396,18500,2020-09-08,PAID
REP004186,LN00396,18500,2020-10-13,PAID
REP004187,LN00396,18500,2020-11-08,PAID
REP004188,LN00396,18500,2020-12-08,PAID
REP004189,LN00396,18500,2021-01-08,PAID
REP004190,LN00396,18500,2021-02-07,PAID
REP004191,LN00396,18500,2021-03-14,PAID
REP004192,LN00396,18500,2021-04-13,PAID
REP004193,LN00396,18500,2021-05-08,PAID
REP004194,LN00396,18500,2021-06-05,PAID
REP004195,LN00396,18500,2021-07-12,PAID
REP004196,LN00396,18500,2021-08-07,PAID
REP004197,LN00396,18500,2021-09-04,PAID
REP004198,LN00396,18500,2021-10-02,PAID
REP004199,LN00396,18500,2021-11-04,PAID
REP004200,LN00396,18500,2021-12-04,PAID
REP004201,LN00396,18500,2022-01-01,PAID
REP004202,LN00396,18500,2022-02-06,PAID
REP004203,LN00396,18500,2022-03-09,PAID
REP004204,LN00396,18500,2022-04-05,PAID
REP004205,LN00396,18500,2022-05-04,PAID
REP004206,LN00396,18500,2022-06-04,LATE
REP004207,LN00396,18500,2022-06-29,PAID
REP004208,LN00396,18500,2022-07-29,PAID
REP004209,LN00397,64500,2024-04-11,PAID
REP004210,LN00398,9000,2020-06-15,PAID
REP004211,LN00398,9000,2020-07-17,PAID
REP004212,LN00398,9000,2020-08-14,PAID
REP004213,LN00398,9000,2020-09-20,PAID
REP004214,LN00398,9000,2020-10-12,PAID
REP004215,LN00398,9000,2020-11-11,PAID
REP004216,LN00398,9000,2020-12-16,PAID
REP004217,LN00398,9000,2021-01-11,PAID
REP004218,LN00398,9000,2021-02-17,PAID
REP004219,LN00398,9000,2021-03-15,PAID
REP004220,LN00398,9000,2021-04-11,PAID
REP004221,LN00398,9000,2021-05-12,PAID
REP004222,LN00399,23500,2023-01-19,PAID
REP004223,LN00399,23500,2023-02-17,PAID
REP004224,LN00399,23500,2023-03-13,PAID
REP004225,LN00399,23500,2023-04-15,PAID
REP004226,LN00399,23500,2023-05-11,PAID
REP004227,LN00399,23500,2023-06-17,LATE
REP004228,LN00399,23500,2023-07-16,PAID
REP004229,LN00399,23500,2023-08-09,PAID
REP004230,LN00399,23500,2023-09-08,PAID
REP004231,LN00399,23500,2023-10-11,PAID
REP004232,LN00400,30500,2024-02-19,PAID
REP004233,LN00400,30500,2024-03-27,PAID
REP004234,LN00400,30500,2024-04-20,PAID
REP004235,LN00400,30500,2024-05-19,PAID
REP004236,LN00400,30500,2024-06-19,PAID
REP004237,LN00400,30500,2024-07-25,PAID
REP004238,LN00400,30500,2024-08-21,PAID
REP004239,LN00400,30500,2024-09-15,PAID
REP004240,LN00400,30500,2024-10-17,PAID
REP004241,LN00400,30500,2024-11-20,PAID
REP004242,LN00400,30500,2024-12-22,PAID
REP004243,LN00401,37000,2023-07-09,PAID
REP004244,LN00401,37000,2023-08-11,PAID
REP004245,LN00401,37000,2023-09-15,PAID
REP004246,LN00401,37000,2023-10-12,PAID
REP004247,LN00401,37000,2023-11-06,PAID
REP004248,LN00401,37000,2023-12-14,PAID
REP004249,LN00401,37000,2024-01-06,PAID
REP004250,LN00401,37000,2024-02-04,PAID
REP004251,LN00401,37000,2024-03-11,PAID
REP004252,LN00401,37000,2024-04-12,PAID
REP004253,LN00401,37000,2024-05-12,PAID
REP004254,LN00401,37000,2024-06-03,PAID
REP004255,LN00401,37000,2024-07-07,PAID
REP004256,LN00401,37000,2024-08-04,PAID
REP004257,LN00401,37000,2024-09-08,PAID
REP004258,LN00401,37000,2024-10-04,PAID
REP004259,LN00402,3000,2024-01-24,PAID
REP004260,LN00402,3000,2024-02-20,PAID
REP004261,LN00402,3000,2024-03-19,PAID
REP004262,LN00402,3000,2024-04-20,PAID
REP004263,LN00402,3000,2024-05-18,PAID
REP004264,LN00402,3000,2024-06-22,PAID
REP004265,LN00402,3000,2024-07-20,PAID
REP004266,LN00402,3000,2024-08-23,PAID
REP004267,LN00402,3000,2024-09-18,PAID
REP004268,LN00402,3000,2024-10-16,LATE
REP004269,LN00402,3000,2024-11-19,PAID
REP004270,LN00402,3000,2024-12-15,PAID
REP004271,LN00402,3000,2025-01-20,PAID
REP004272,LN00402,3000,2025-02-12,PAID
REP004273,LN00402,3000,2025-03-17,PAID
REP004274,LN00402,3000,2025-04-12,PAID
REP004275,LN00402,3000,2025-05-16,PAID
REP004276,LN00402,3000,2025-06-17,PAID
REP004277,LN00403,6500,2023-07-16,PAID
REP004278,LN00403,6500,2023-08-10,PAID
REP004279,LN00403,6500,2023-09-12,PAID
REP004280,LN00403,6500,2023-10-14,PAID
REP004281,LN00403,6500,2023-11-10,PAID
REP004282,LN00403,6500,2023-12-08,PAID
REP004283,LN00403,6500,2024-01-14,PAID
REP004284,LN00403,6500,2024-02-12,PAID
REP004285,LN00403,6500,2024-03-11,PAID
REP004286,LN00403,6500,2024-04-14,PAID
REP004287,LN00403,6500,2024-05-06,PAID
REP004288,LN00403,6500,2024-06-06,PAID
REP004289,LN00403,6500,2024-07-13,PAID
REP004290,LN00403,6500,2024-08-12,PAID
REP004291,LN00403,6500,2024-09-07,PAID
REP004292,LN00403,6500,2024-10-05,PAID
REP004293,LN00403,6500,2024-11-02,PAID
REP004294,LN00403,6500,2024-12-07,LATE
REP004295,LN00403,6500,2025-01-01,PAID
REP004296,LN00403,6500,2025-02-04,PAID
REP004297,LN00403,6500,2025-03-05,PAID
REP004298,LN00403,6500,2025-04-06,PAID
REP004299,LN00403,6500,2025-05-09,PAID
REP004300,LN00403,6500,2025-06-05,PAID
REP004301,LN00404,56000,2023-09-06,PAID
REP004302,LN00405,56500,2020-09-18,PAID
REP004303,LN00405,56500,2020-10-24,PAID
REP004304,LN00405,56500,2020-11-17,PAID
REP004305,LN00405,56500,2020-12-19,PAID
REP004306,LN00405,56500,2021-01-16,PAID
REP004307,LN00405,56500,2021-02-17,PAID
REP004308,LN00405,56500,2021-03-18,PAID
REP004309,LN00405,56500,2021-04-20,PAID
REP004310,LN00405,56500,2021-05-15,PAID
REP004311,LN00405,56500,2021-06-14,PAID
REP004312,LN00405,56500,2021-07-15,PAID
REP004313,LN00405,56500,2021-08-21,PAID
REP004314,LN00405,56500,2021-09-17,PAID
REP004315,LN00405,56500,2021-10-13,PAID
REP004316,LN00405,56500,2021-11-19,PAID
REP004317,LN00405,56500,2021-12-19,PAID
REP004318,LN00405,56500,2022-01-18,PAID
REP004319,LN00405,56500,2022-02-09,PAID
REP004320,LN00405,56500,2022-03-14,PAID
REP004321,LN00406,127500,2021-12-04,PAID
REP004322,LN00406,127500,2022-01-08,PAID
REP004323,LN00406,127500,2022-02-03,PAID
REP004324,LN00406,127500,2022-03-12,PAID
REP004325,LN00406,127500,2022-04-06,PAID
REP004326,LN00406,127500,2022-05-08,PAID
REP004327,LN00406,127500,2022-06-09,PAID
REP004328,LN00406,127500,2022-07-06,PAID
REP004329,LN00406,127500,2022-08-02,PAID
REP004330,LN00406,127500,2022-09-06,PAID
REP004331,LN00406,127500,2022-10-03,PAID
REP004332,LN00406,127500,2022-11-04,PAID
REP004333,LN00406,127500,2022-11-29,PAID
REP004334,LN00406,127500,2022-12-30,PAID
REP004335,LN00406,127500,2023-02-05,PAID
REP004336,LN00406,127500,2023-03-03,PAID
REP004337,LN00406,127500,2023-04-02,PAID
REP004338,LN00406,127500,2023-05-04,PAID
REP004339,LN00407,93500,2023-08-09,PAID
REP004340,LN00407,93500,2023-09-05,PAID
REP004341,LN00407,93500,2023-10-09,PAID
REP004342,LN00407,93500,2023-11-04,PAID
REP004343,LN00407,93500,2023-12-10,PAID
REP004344,LN00407,93500,2024-01-04,PAID
REP004345,LN00407,93500,2024-02-05,PAID
REP004346,LN00407,93500,2024-03-02,PAID
REP004347,LN00407,93500,2024-03-31,PAID
REP004348,LN00407,93500,2024-05-04,PAID
REP004349,LN00407,93500,2024-06-07,PAID
REP004350,LN00407,93500,2024-06-29,PAID
REP004351,LN00407,93500,2024-07-29,PAID
REP004352,LN00407,93500,2024-09-02,PAID
REP004353,LN00407,93500,2024-10-03,PAID
REP004354,LN00407,93500,2024-10-27,PAID
REP004355,LN00407,93500,2024-11-27,PAID
REP004356,LN00407,93500,2024-12-28,PAID
REP004357,LN00407,93500,2025-01-25,PAID
REP004358,LN00407,93500,2025-02-27,PAID
REP004359,LN00407,93500,2025-03-26,PAID
REP004360,LN00407,93500,2025-04-28,PAID
REP004361,LN00407,93500,2025-05-31,PAID
REP004362,LN00407,93500,2025-06-25,PAID
REP004363,LN00408,39000,2021-10-02,PAID
REP004364,LN00408,39000,2021-11-08,PAID
REP004365,LN00408,39000,2021-12-04,PAID
REP004366,LN00408,39000,2022-01-02,PAID
REP004367,LN00408,39000,2022-02-03,PAID
REP004368,LN00408,39000,2022-03-06,PAID
REP004369,LN00408,39000,2022-04-06,PAID
REP004370,LN00408,39000,2022-05-02,PAID
REP004371,LN00408,39000,2022-05-31,PAID
REP004372,LN00408,39000,2022-07-06,PAID
REP004373,LN00408,39000,2022-08-06,PAID
REP004374,LN00408,39000,2022-08-30,PAID
REP004375,LN00408,39000,2022-10-05,PAID
REP004376,LN00408,39000,2022-10-31,PAID
REP004377,LN00408,39000,2022-11-26,PAID
REP004378,LN00408,39000,2022-12-30,PAID
REP004379,LN00408,39000,2023-01-25,PAID
REP004380,LN00408,39000,2023-03-03,PAID
REP004381,LN00408,39000,2023-03-31,PAID
REP004382,LN00408,39000,2023-05-02,PAID
REP004383,LN00408,39000,2023-06-02,PAID
REP004384,LN00408,39000,2023-07-02,PAID
REP004385,LN00408,39000,2023-07-24,PAID
REP004386,LN00408,39000,2023-08-28,PAID
REP004387,LN00408,39000,2023-09-23,PAID
REP004388,LN00408,39000,2023-10-27,PAID
REP004389,LN00408,39000,2023-11-21,PAID
REP004390,LN00408,39000,2023-12-21,PAID
REP004391,LN00408,39000,2024-01-21,PAID
REP004392,LN00408,39000,2024-02-23,PAID
REP004393,LN00408,39000,2024-03-20,PAID
REP004394,LN00408,39000,2024-04-26,PAID
REP004395,LN00408,39000,2024-05-21,PAID
REP004396,LN00408,39000,2024-06-24,PAID
REP004397,LN00408,39000,2024-07-24,PAID
REP004398,LN00408,39000,2024-08-21,PAID
REP004399,LN00409,176000,2020-06-18,PAID
REP004400,LN00409,176000,2020-07-19,PAID
REP004401,LN00409,176000,2020-08-18,PAID
REP004402,LN00409,176000,2020-09-15,PAID
REP004403,LN00409,176000,2020-10-12,PAID
REP004404,LN00409,176000,2020-11-09,PAID
REP004405,LN00410,63000,2023-06-29,PAID
REP004406,LN00410,63000,2023-07-24,PAID
REP004407,LN00410,63000,2023-08-23,PAID
REP004408,LN00410,63000,2023-09-22,PAID
REP004409,LN00410,63000,2023-10-21,PAID
REP004410,LN00410,63000,2023-11-24,PAID
REP004411,LN00410,63000,2023-12-26,PAID
REP004412,LN00410,63000,2024-01-17,PAID
REP004413,LN00410,63000,2024-02-16,PAID
REP004414,LN00410,63000,2024-03-24,PAID
REP004415,LN00410,63000,2024-04-17,PAID
REP004416,LN00410,63000,2024-05-22,PAID
REP004417,LN00410,63000,2024-06-15,PAID
REP004418,LN00410,63000,2024-07-17,PAID
REP004419,LN00410,63000,2024-08-18,PAID
REP004420,LN00410,63000,2024-09-16,PAID
REP004421,LN00410,63000,2024-10-16,PAID
REP004422,LN00410,63000,2024-11-17,PAID
REP004423,LN00410,63000,2024-12-20,PAID
REP004424,LN00410,63000,2025-01-19,PAID
REP004425,LN00410,63000,2025-02-14,PAID
REP004426,LN00410,63000,2025-03-17,PAID
REP004427,LN00410,63000,2025-04-12,PAID
REP004428,LN00410,63000,2025-05-17,PAID
REP004429,LN00411,53000,2021-08-08,PAID
REP004430,LN00411,53000,2021-09-10,PAID
REP004431,LN00411,53000,2021-10-07,PAID
REP004432,LN00411,53000,2021-11-08,PAID
REP004433,LN00411,53000,2021-12-12,PAID
REP004434,LN00411,53000,2022-01-09,PAID
REP004435,LN00411,53000,2022-02-03,PAID
REP004436,LN00411,53000,2022-03-07,LATE
REP004437,LN00411,53000,2022-04-10,PAID
REP004438,LN00412,18000,2023-01-08,PAID
REP004439,LN00412,18000,2023-02-08,PAID
REP004440,LN00412,18000,2023-03-16,PAID
REP004441,LN00412,18000,2023-04-12,PAID
REP004442,LN00412,18000,2023-05-08,PAID
REP004443,LN00412,18000,2023-06-09,PAID
REP004444,LN00412,18000,2023-07-12,PAID
REP004445,LN00412,18000,2023-08-08,PAID
REP004446,LN00412,18000,2023-09-08,PAID
REP004447,LN00412,18000,2023-10-08,PAID
REP004448,LN00412,18000,2023-11-03,PAID
REP004449,LN00412,18000,2023-12-05,PAID
REP004450,LN00412,18000,2024-01-05,LATE
REP004451,LN00412,18000,2024-02-09,PAID
REP004452,LN00412,18000,2024-03-08,PAID
REP004453,LN00412,18000,2024-04-07,PAID
REP004454,LN00412,18000,2024-05-01,PAID
REP004455,LN00412,18000,2024-06-06,PAID
REP004456,LN00413,377500,2022-11-30,PAID
REP004457,LN00414,107500,2021-10-24,LATE
REP004458,LN00414,107500,2021-11-24,PAID
REP004459,LN00414,107500,2021-12-23,PAID
REP004460,LN00414,107500,2022-01-26,PAID
REP004461,LN00414,107500,2022-02-22,PAID
REP004462,LN00414,107500,2022-03-28,PAID
REP004463,LN00414,107500,2022-04-28,PAID
REP004464,LN00414,107500,2022-05-30,PAID
REP004465,LN00414,107500,2022-06-28,PAID
REP004466,LN00414,107500,2022-07-23,PAID
REP004467,LN00414,107500,2022-08-25,PAID
REP004468,LN00414,107500,2022-09-23,PAID
REP004469,LN00414,107500,2022-10-26,PAID
REP004470,LN00414,107500,2022-11-22,PAID
REP004471,LN00414,107500,2022-12-18,PAID
REP004472,LN00414,107500,2023-01-24,PAID
REP004473,LN00414,107500,2023-02-22,PAID
REP004474,LN00414,107500,2023-03-24,PAID
REP004475,LN00414,107500,2023-04-19,PAID
REP004476,LN00414,107500,2023-05-25,PAID
REP004477,LN00415,166500,2024-02-26,PAID
REP004478,LN00415,166500,2024-03-27,PAID
REP004479,LN00415,166500,2024-04-19,PAID
REP004480,LN00416,24000,2023-12-09,LATE
REP004481,LN00416,24000,2024-01-12,PAID
REP004482,LN00416,24000,2024-02-07,PAID
REP004483,LN00417,46500,2023-04-27,PAID
REP004484,LN00417,46500,2023-05-27,PAID
REP004485,LN00417,46500,2023-06-25,PAID
REP004486,LN00417,46500,2023-07-28,PAID
REP004487,LN00418,69000,2023-11-05,PAID
REP004488,LN00419,46000,2023-02-18,PAID
REP004489,LN00419,46000,2023-03-22,PAID
REP004490,LN00419,46000,2023-04-20,LATE
REP004491,LN00419,46000,2023-05-15,PAID
REP004492,LN00419,46000,2023-06-13,PAID
REP004493,LN00419,46000,2023-07-12,PAID
REP004494,LN00419,46000,2023-08-14,PAID
REP004495,LN00419,46000,2023-09-13,PAID
REP004496,LN00419,46000,2023-10-15,PAID
REP004497,LN00419,46000,2023-11-16,PAID
REP004498,LN00419,46000,2023-12-14,PAID
REP004499,LN00419,46000,2024-01-11,PAID
REP004500,LN00419,46000,2024-02-08,PAID
REP004501,LN00419,46000,2024-03-16,PAID
REP004502,LN00419,46000,2024-04-11,PAID
REP004503,LN00419,46000,2024-05-09,PAID
REP004504,LN00419,46000,2024-06-11,LATE
REP004505,LN00419,46000,2024-07-12,PAID
REP004506,LN00420,68000,2021-06-13,PAID
REP004507,LN00421,13000,2020-03-27,PAID
REP004508,LN00421,13000,2020-04-29,PAID
REP004509,LN00421,13000,2020-05-27,PAID
REP004510,LN00421,13000,2020-07-03,PAID
REP004511,LN00421,13000,2020-07-27,PAID
REP004512,LN00422,48000,2023-07-20,PAID
REP004513,LN00422,48000,2023-08-14,PAID
REP004514,LN00422,48000,2023-09-12,LATE
REP004515,LN00422,48000,2023-10-13,PAID
REP004516,LN00422,48000,2023-11-17,PAID
REP004517,LN00422,48000,2023-12-18,PAID
REP004518,LN00422,48000,2024-01-10,PAID
REP004519,LN00422,48000,2024-02-12,PAID
REP004520,LN00422,48000,2024-03-15,PAID
REP004521,LN00422,48000,2024-04-16,PAID
REP004522,LN00422,48000,2024-05-15,PAID
REP004523,LN00422,48000,2024-06-14,PAID
REP004524,LN00422,48000,2024-07-13,PAID
REP004525,LN00422,48000,2024-08-09,PAID
REP004526,LN00422,48000,2024-09-13,PAID
REP004527,LN00422,48000,2024-10-06,PAID
REP004528,LN00422,48000,2024-11-06,PAID
REP004529,LN00422,48000,2024-12-09,PAID
REP004530,LN00423,170000,2023-04-07,PAID
REP004531,LN00423,170000,2023-05-11,PAID
REP004532,LN00423,170000,2023-06-03,PAID
REP004533,LN00424,26000,2023-12-05,PAID
REP004534,LN00424,26000,2023-12-30,PAID
REP004535,LN00424,26000,2024-01-28,PAID
REP004536,LN00425,165500,2022-04-12,PAID
REP004537,LN00425,165500,2022-05-17,PAID
REP004538,LN00425,165500,2022-06-10,PAID
REP004539,LN00425,165500,2022-07-08,PAID
REP004540,LN00426,204000,2022-10-03,PAID
REP004541,LN00427,29000,2020-10-16,PAID
REP004542,LN00427,29000,2020-11-18,PAID
REP004543,LN00427,29000,2020-12-15,PAID
REP004544,LN00428,62500,2023-01-28,LATE
REP004545,LN00428,62500,2023-02-27,PAID
REP004546,LN00428,62500,2023-03-31,PAID
REP004547,LN00428,62500,2023-04-27,PAID
REP004548,LN00428,62500,2023-05-25,PAID
REP004549,LN00428,62500,2023-06-30,PAID
REP004550,LN00428,62500,2023-07-24,PAID
REP004551,LN00429,93500,2022-03-26,PAID
REP004552,LN00429,93500,2022-04-29,PAID
REP004553,LN00429,93500,2022-05-23,PAID
REP004554,LN00430,97000,2024-07-05,PAID
REP004555,LN00430,97000,2024-07-31,PAID
REP004556,LN00430,97000,2024-09-03,PAID
REP004557,LN00430,97000,2024-10-03,PAID
REP004558,LN00430,97000,2024-10-27,PAID
REP004559,LN00430,97000,2024-11-24,PAID
REP004560,LN00430,97000,2024-12-24,PAID
REP004561,LN00430,97000,2025-01-26,PAID
REP004562,LN00430,97000,2025-03-02,PAID
REP004563,LN00430,97000,2025-03-28,PAID
REP004564,LN00430,97000,2025-04-27,PAID
REP004565,LN00430,97000,2025-05-27,PAID
REP004566,LN00430,97000,2025-06-27,PAID
REP004567,LN00430,97000,2025-07-30,PAID
REP004568,LN00430,97000,2025-08-22,PAID
REP004569,LN00430,97000,2025-09-24,PAID
REP004570,LN00430,97000,2025-10-28,PAID
REP004571,LN00430,97000,2025-11-19,PAID
REP004572,LN00431,23500,2023-05-25,PAID
REP004573,LN00431,23500,2023-06-25,PAID
REP004574,LN00431,23500,2023-07-31,PAID
REP004575,LN00431,23500,2023-08-28,PAID
REP004576,LN00431,23500,2023-09-29,PAID
REP004577,LN00431,23500,2023-10-23,LATE
REP004578,LN00431,23500,2023-11-27,PAID
REP004579,LN00431,23500,2023-12-21,PAID
REP004580,LN00431,23500,2024-01-20,PAID
REP004581,LN00431,23500,2024-02-25,PAID
REP004582,LN00431,23500,2024-03-27,PAID
REP004583,LN00431,23500,2024-04-26,PAID
REP004584,LN00431,23500,2024-05-24,PAID
REP004585,LN00431,23500,2024-06-19,PAID
REP004586,LN00431,23500,2024-07-19,PAID
REP004587,LN00432,48000,2020-06-21,PAID
REP004588,LN00432,48000,2020-07-18,PAID
REP004589,LN00432,48000,2020-08-25,PAID
REP004590,LN00432,48000,2020-09-24,LATE
REP004591,LN00432,48000,2020-10-18,PAID
REP004592,LN00432,48000,2020-11-18,PAID
REP004593,LN00432,48000,2020-12-19,PAID
REP004594,LN00432,48000,2021-01-19,PAID
REP004595,LN00432,48000,2021-02-19,PAID
REP004596,LN00432,48000,2021-03-20,PAID
REP004597,LN00432,48000,2021-04-14,LATE
REP004598,LN00432,48000,2021-05-15,PAID
REP004599,LN00432,48000,2021-06-21,PAID
REP004600,LN00432,48000,2021-07-18,PAID
REP004601,LN00432,48000,2021-08-16,PAID
REP004602,LN00432,48000,2021-09-19,PAID
REP004603,LN00432,48000,2021-10-17,PAID
REP004604,LN00432,48000,2021-11-15,PAID
REP004605,LN00432,48000,2021-12-14,PAID
REP004606,LN00432,48000,2022-01-12,PAID
REP004607,LN00432,48000,2022-02-10,PAID
REP004608,LN00432,48000,2022-03-14,PAID
REP004609,LN00432,48000,2022-04-12,PAID
REP004610,LN00432,48000,2022-05-12,PAID
REP004611,LN00432,48000,2022-06-09,PAID
REP004612,LN00432,48000,2022-07-10,PAID
REP004613,LN00432,48000,2022-08-12,PAID
REP004614,LN00432,48000,2022-09-11,PAID
REP004615,LN00432,48000,2022-10-13,PAID
REP004616,LN00432,48000,2022-11-10,PAID
REP004617,LN00432,48000,2022-12-07,PAID
REP004618,LN00432,48000,2023-01-07,PAID
REP004619,LN00432,48000,2023-02-06,PAID
REP004620,LN00432,48000,2023-03-10,PAID
REP004621,LN00432,48000,2023-04-12,PAID
REP004622,LN00432,48000,2023-05-10,PAID
REP004623,LN00433,97500,2023-09-09,PAID
REP004624,LN00433,97500,2023-10-16,PAID
REP004625,LN00433,97500,2023-11-14,PAID
REP004626,LN00433,97500,2023-12-16,PAID
REP004627,LN00433,97500,2024-01-12,PAID
REP004628,LN00433,97500,2024-02-10,PAID
REP004629,LN00434,112500,2023-10-15,LATE
REP004630,LN00434,112500,2023-11-15,PAID
REP004631,LN00434,112500,2023-12-12,PAID
REP004632,LN00434,112500,2024-01-18,PAID
REP004633,LN00434,112500,2024-02-10,PAID
REP004634,LN00434,112500,2024-03-11,PAID
REP004635,LN00434,112500,2024-04-16,PAID
REP004636,LN00434,112500,2024-05-12,PAID
REP004637,LN00434,112500,2024-06-13,PAID
REP004638,LN00434,112500,2024-07-12,PAID
REP004639,LN00434,112500,2024-08-08,PAID
REP004640,LN00434,112500,2024-09-09,PAID
REP004641,LN00435,80500,2023-11-28,PAID
REP004642,LN00435,80500,2023-12-24,PAID
REP004643,LN00436,43000,2020-08-02,PAID
REP004644,LN00436,43000,2020-08-30,PAID
REP004645,LN00436,43000,2020-10-01,PAID
REP004646,LN00436,43000,2020-10-29,PAID
REP004647,LN00436,43000,2020-12-02,PAID
REP004648,LN00436,43000,2021-01-02,PAID
REP004649,LN00436,43000,2021-01-30,PAID
REP004650,LN00436,43000,2021-02-28,LATE
REP004651,LN00436,43000,2021-03-29,PAID
REP004652,LN00436,43000,2021-04-26,PAID
REP004653,LN00436,43000,2021-05-25,PAID
REP004654,LN00436,43000,2021-06-24,LATE
REP004655,LN00436,43000,2021-07-28,PAID
REP004656,LN00436,43000,2021-08-28,PAID
REP004657,LN00436,43000,2021-09-22,PAID
REP004658,LN00436,43000,2021-10-29,PAID
REP004659,LN00436,43000,2021-11-20,PAID
REP004660,LN00436,43000,2021-12-22,PAID
REP004661,LN00436,43000,2022-01-19,PAID
REP004662,LN00436,43000,2022-02-20,PAID
REP004663,LN00436,43000,2022-03-28,PAID
REP004664,LN00436,43000,2022-04-24,PAID
REP004665,LN00436,43000,2022-05-21,PAID
REP004666,LN00436,43000,2022-06-26,PAID
REP004667,LN00436,43000,2022-07-24,PAID
REP004668,LN00436,43000,2022-08-22,PAID
REP004669,LN00436,43000,2022-09-24,PAID
REP004670,LN00436,43000,2022-10-23,PAID
REP004671,LN00436,43000,2022-11-19,PAID
REP004672,LN00436,43000,2022-12-17,PAID
REP004673,LN00436,43000,2023-01-19,PAID
REP004674,LN00436,43000,2023-02-17,PAID
REP004675,LN00436,43000,2023-03-20,PAID
REP004676,LN00436,43000,2023-04-20,PAID
REP004677,LN00436,43000,2023-05-19,PAID
REP004678,LN00436,43000,2023-06-17,PAID
REP004679,LN00437,1500,2022-02-26,PAID
REP004680,LN00437,1500,2022-03-25,PAID
REP004681,LN00437,1500,2022-04-29,PAID
REP004682,LN00437,1500,2022-05-23,PAID
REP004683,LN00437,1500,2022-06-22,PAID
REP004684,LN00437,1500,2022-07-22,PAID
REP004685,LN00437,1500,2022-08-25,PAID
REP004686,LN00437,1500,2022-09-23,PAID
REP004687,LN00437,1500,2022-10-23,PAID
REP004688,LN00437,1500,2022-11-22,PAID
REP004689,LN00437,1500,2022-12-20,PAID
REP004690,LN00437,1500,2023-01-23,PAID
REP004691,LN00437,1500,2023-02-17,PAID
REP004692,LN00437,1500,2023-03-26,LATE
REP004693,LN00437,1500,2023-04-21,PAID
REP004694,LN00437,1500,2023-05-24,PAID
REP004695,LN00437,1500,2023-06-19,PAID
REP004696,LN00437,1500,2023-07-21,PAID
REP004697,LN00437,1500,2023-08-24,PAID
REP004698,LN00437,1500,2023-09-21,PAID
REP004699,LN00437,1500,2023-10-22,PAID
REP004700,LN00437,1500,2023-11-17,PAID
REP004701,LN00437,1500,2023-12-21,PAID
REP004702,LN00437,1500,2024-01-17,PAID
REP004703,LN00437,1500,2024-02-14,PAID
REP004704,LN00437,1500,2024-03-15,PAID
REP004705,LN00437,1500,2024-04-20,PAID
REP004706,LN00437,1500,2024-05-14,PAID
REP004707,LN00437,1500,2024-06-15,PAID
REP004708,LN00437,1500,2024-07-12,PAID
REP004709,LN00437,1500,2024-08-12,PAID
REP004710,LN00437,1500,2024-09-10,PAID
REP004711,LN00437,1500,2024-10-12,PAID
REP004712,LN00437,1500,2024-11-10,PAID
REP004713,LN00437,1500,2024-12-10,PAID
REP004714,LN00437,1500,2025-01-07,PAID
REP004715,LN00437,1500,2025-02-07,PAID
REP004716,LN00438,147500,2020-03-31,PAID
REP004717,LN00438,147500,2020-05-08,PAID
REP004718,LN00438,147500,2020-06-03,PAID
REP004719,LN00438,147500,2020-07-02,PAID
REP004720,LN00438,147500,2020-08-05,PAID
REP004721,LN00438,147500,2020-09-05,PAID
REP004722,LN00439,23500,2022-03-25,PAID
REP004723,LN00439,23500,2022-04-19,PAID
REP004724,LN00439,23500,2022-05-20,PAID
REP004725,LN00439,23500,2022-06-22,PAID
REP004726,LN00439,23500,2022-07-22,PAID
REP004727,LN00439,23500,2022-08-21,PAID
REP004728,LN00439,23500,2022-09-19,PAID
REP004729,LN00439,23500,2022-10-21,PAID
REP004730,LN00440,208000,2022-05-31,PAID
REP004731,LN00440,208000,2022-07-01,PAID
REP004732,LN00440,208000,2022-08-06,PAID
REP004733,LN00440,208000,2022-09-06,PAID
REP004734,LN00440,208000,2022-09-29,PAID
REP004735,LN00441,101500,2020-11-19,PAID
REP004736,LN00441,101500,2020-12-18,PAID
REP004737,LN00441,101500,2021-01-18,PAID
REP004738,LN00441,101500,2021-02-18,PAID
REP004739,LN00441,101500,2021-03-20,PAID
REP004740,LN00441,101500,2021-04-18,PAID
REP004741,LN00441,101500,2021-05-16,PAID
REP004742,LN00441,101500,2021-06-17,PAID
REP004743,LN00441,101500,2021-07-18,PAID
REP004744,LN00442,44000,2023-12-23,PAID
REP004745,LN00442,44000,2024-01-26,PAID
REP004746,LN00442,44000,2024-02-21,PAID
REP004747,LN00442,44000,2024-03-24,PAID
REP004748,LN00442,44000,2024-04-22,PAID
REP004749,LN00442,44000,2024-05-22,PAID
REP004750,LN00443,91000,2022-01-27,PAID
REP004751,LN00443,91000,2022-03-03,PAID
REP004752,LN00443,91000,2022-04-02,PAID
REP004753,LN00444,61000,2021-08-07,PAID
REP004754,LN00444,61000,2021-09-07,PAID
REP004755,LN00444,61000,2021-10-07,PAID
REP004756,LN00444,61000,2021-11-05,PAID
REP004757,LN00444,61000,2021-11-29,PAID
REP004758,LN00445,67000,2020-09-19,PAID
REP004759,LN00445,67000,2020-10-22,PAID
REP004760,LN00445,67000,2020-11-15,PAID
REP004761,LN00445,67000,2020-12-21,PAID
REP004762,LN00445,67000,2021-01-20,LATE
REP004763,LN00445,67000,2021-02-14,PAID
REP004764,LN00445,67000,2021-03-16,PAID
REP004765,LN00445,67000,2021-04-16,PAID
REP004766,LN00445,67000,2021-05-20,PAID
REP004767,LN00445,67000,2021-06-19,PAID
REP004768,LN00445,67000,2021-07-15,PAID
REP004769,LN00445,67000,2021-08-16,PAID
REP004770,LN00445,67000,2021-09-18,PAID
REP004771,LN00445,67000,2021-10-18,PAID
REP004772,LN00445,67000,2021-11-11,LATE
REP004773,LN00445,67000,2021-12-10,PAID
REP004774,LN00445,67000,2022-01-13,PAID
REP004775,LN00445,67000,2022-02-07,PAID
REP004776,LN00445,67000,2022-03-11,LATE
REP004777,LN00445,67000,2022-04-08,PAID
REP004778,LN00445,67000,2022-05-16,PAID
REP004779,LN00445,67000,2022-06-14,PAID
REP004780,LN00445,67000,2022-07-15,PAID
REP004781,LN00445,67000,2022-08-13,PAID
REP004782,LN00445,67000,2022-09-08,PAID
REP004783,LN00445,67000,2022-10-10,PAID
REP004784,LN00445,67000,2022-11-09,PAID
REP004785,LN00445,67000,2022-12-12,PAID
REP004786,LN00445,67000,2023-01-03,PAID
REP004787,LN00445,67000,2023-02-02,PAID
REP004788,LN00445,67000,2023-03-08,PAID
REP004789,LN00445,67000,2023-04-06,PAID
REP004790,LN00445,67000,2023-05-04,PAID
REP004791,LN00445,67000,2023-06-07,PAID
REP004792,LN00445,67000,2023-07-03,PAID
REP004793,LN00445,67000,2023-08-03,PAID
REP004794,LN00446,371500,2022-12-22,LATE
REP004795,LN00446,371500,2023-01-22,PAID
REP004796,LN00446,371500,2023-02-21,PAID
REP004797,LN00447,10000,2023-05-04,PAID
REP004798,LN00447,10000,2023-05-30,PAID
REP004799,LN00447,10000,2023-07-05,PAID
REP004800,LN00447,10000,2023-08-05,PAID
REP004801,LN00447,10000,2023-08-30,PAID
REP004802,LN00447,10000,2023-10-02,PAID
REP004803,LN00447,10000,2023-10-27,PAID
REP004804,LN00447,10000,2023-12-02,PAID
REP004805,LN00447,10000,2023-12-26,PAID
REP004806,LN00447,10000,2024-01-24,PAID
REP004807,LN00447,10000,2024-02-25,PAID
REP004808,LN00447,10000,2024-03-26,PAID
REP004809,LN00447,10000,2024-04-30,PAID
REP004810,LN00447,10000,2024-05-25,PAID
REP004811,LN00447,10000,2024-06-23,PAID
REP004812,LN00447,10000,2024-07-28,PAID
REP004813,LN00447,10000,2024-08-23,PAID
REP004814,LN00447,10000,2024-09-20,PAID
REP004815,LN00448,77000,2022-12-19,PAID
REP004816,LN00448,77000,2023-01-16,PAID
REP004817,LN00448,77000,2023-02-18,PAID
REP004818,LN00448,77000,2023-03-15,PAID
REP004819,LN00448,77000,2023-04-14,LATE
REP004820,LN00448,77000,2023-05-14,PAID
REP004821,LN00448,77000,2023-06-15,PAID
REP004822,LN00448,77000,2023-07-10,PAID
REP004823,LN00448,77000,2023-08-16,PAID
REP004824,LN00448,77000,2023-09-12,PAID
REP004825,LN00448,77000,2023-10-09,PAID
REP004826,LN00448,77000,2023-11-11,PAID
REP004827,LN00448,77000,2023-12-08,PAID
REP004828,LN00448,77000,2024-01-14,PAID
REP004829,LN00448,77000,2024-02-13,PAID
REP004830,LN00448,77000,2024-03-11,PAID
REP004831,LN00448,77000,2024-04-10,PAID
REP004832,LN00448,77000,2024-05-07,PAID
REP004833,LN00448,77000,2024-06-10,PAID
REP004834,LN00448,77000,2024-07-07,PAID
REP004835,LN00448,77000,2024-08-08,PAID
REP004836,LN00448,77000,2024-09-07,PAID
REP004837,LN00448,77000,2024-10-03,PAID
REP004838,LN00448,77000,2024-11-01,PAID
REP004839,LN00448,77000,2024-12-04,PAID
REP004840,LN00449,314000,2021-01-10,PAID
REP004841,LN00449,314000,2021-02-11,PAID
REP004842,LN00449,314000,2021-03-07,PAID
REP004843,LN00449,314000,2021-04-12,PAID
REP004844,LN00449,314000,2021-05-09,PAID
REP004845,LN00449,314000,2021-06-09,PAID
REP004846,LN00450,14500,2023-05-04,PAID
REP004847,LN00450,14500,2023-05-30,PAID
REP004848,LN00450,14500,2023-06-27,PAID
REP004849,LN00450,14500,2023-07-25,PAID
REP004850,LN00450,14500,2023-08-25,PAID
REP004851,LN00450,14500,2023-09-25,LATE
REP004852,LN00450,14500,2023-10-30,PAID
REP004853,LN00450,14500,2023-11-28,PAID
REP004854,LN00450,14500,2023-12-24,PAID
REP004855,LN00450,14500,2024-01-29,PAID
REP004856,LN00450,14500,2024-02-20,PAID
REP004857,LN00450,14500,2024-03-21,PAID
REP004858,LN00451,215000,2022-10-17,PAID
REP004859,LN00451,215000,2022-11-15,PAID
REP004860,LN00451,215000,2022-12-17,PAID
REP004861,LN00452,103500,2021-08-21,PAID
REP004862,LN00452,103500,2021-09-13,PAID
REP004863,LN00453,164000,2022-02-25,PAID
REP004864,LN00453,164000,2022-03-25,PAID
REP004865,LN00453,164000,2022-04-28,LATE
REP004866,LN00454,195000,2020-07-19,LATE
REP004867,LN00455,23500,2021-06-04,PAID
REP004868,LN00455,23500,2021-07-05,PAID
REP004869,LN00455,23500,2021-08-01,PAID
REP004870,LN00455,23500,2021-09-01,PAID
REP004871,LN00455,23500,2021-10-01,PAID
REP004872,LN00455,23500,2021-11-01,PAID
REP004873,LN00456,85500,2020-05-17,PAID
REP004874,LN00456,85500,2020-06-14,PAID
REP004875,LN00456,85500,2020-07-17,PAID
REP004876,LN00456,85500,2020-08-12,PAID
REP004877,LN00456,85500,2020-09-19,PAID
REP004878,LN00456,85500,2020-10-12,PAID
REP004879,LN00456,85500,2020-11-18,PAID
REP004880,LN00456,85500,2020-12-13,LATE
REP004881,LN00456,85500,2021-01-15,PAID
REP004882,LN00456,85500,2021-02-09,PAID
REP004883,LN00456,85500,2021-03-14,PAID
REP004884,LN00456,85500,2021-04-10,PAID
REP004885,LN00457,29000,2023-12-05,LATE
REP004886,LN00457,29000,2023-12-27,PAID
REP004887,LN00457,29000,2024-01-31,PAID
REP004888,LN00457,29000,2024-02-27,PAID
REP004889,LN00457,29000,2024-03-27,PAID
REP004890,LN00457,29000,2024-04-25,PAID
REP004891,LN00457,29000,2024-05-28,PAID
REP004892,LN00458,96000,2022-03-27,PAID
REP004893,LN00458,96000,2022-04-19,PAID
REP004894,LN00458,96000,2022-05-22,PAID
REP004895,LN00459,39500,2023-07-05,PAID
REP004896,LN00460,161500,2024-06-06,PAID
REP004897,LN00460,161500,2024-07-05,PAID
REP004898,LN00460,161500,2024-08-03,PAID
REP004899,LN00460,161500,2024-08-30,LATE
REP004900,LN00460,161500,2024-10-02,PAID
REP004901,LN00460,161500,2024-11-03,PAID
REP004902,LN00460,161500,2024-11-30,PAID
REP004903,LN00460,161500,2024-12-31,PAID
REP004904,LN00460,161500,2025-01-31,LATE
REP004905,LN00460,161500,2025-02-24,PAID
REP004906,LN00460,161500,2025-03-30,PAID
REP004907,LN00460,161500,2025-04-27,PAID
REP004908,LN00461,348500,2023-03-01,PAID
REP004909,LN00462,55500,2022-01-22,PAID
REP004910,LN00462,55500,2022-02-21,PAID
REP004911,LN00462,55500,2022-03-18,PAID
REP004912,LN00462,55500,2022-04-17,PAID
REP004913,LN00462,55500,2022-05-18,PAID
REP004914,LN00462,55500,2022-06-22,LATE
REP004915,LN00462,55500,2022-07-15,PAID
REP004916,LN00462,55500,2022-08-20,PAID
REP004917,LN00462,55500,2022-09-14,PAID
REP004918,LN00462,55500,2022-10-18,PAID
REP004919,LN00462,55500,2022-11-12,PAID
REP004920,LN00462,55500,2022-12-13,PAID
REP004921,LN00463,43500,2023-06-15,PAID
REP004922,LN00463,43500,2023-07-09,PAID
REP004923,LN00463,43500,2023-08-07,LATE
REP004924,LN00464,64000,2023-12-26,PAID
REP004925,LN00464,64000,2024-01-29,PAID
REP004926,LN00464,64000,2024-02-28,PAID
REP004927,LN00464,64000,2024-03-25,PAID
REP004928,LN00464,64000,2024-04-25,PAID
REP004929,LN00464,64000,2024-05-21,PAID
REP004930,LN00465,28500,2024-05-21,PAID
REP004931,LN00465,28500,2024-06-28,LATE
REP004932,LN00465,28500,2024-07-24,PAID
REP004933,LN00466,38000,2022-04-08,PAID
REP004934,LN00466,38000,2022-05-10,PAID
REP004935,LN00466,38000,2022-06-04,PAID
REP004936,LN00466,38000,2022-07-04,PAID
REP004937,LN00466,38000,2022-08-07,PAID
REP004938,LN00466,38000,2022-09-05,PAID
REP004939,LN00466,38000,2022-10-07,PAID
REP004940,LN00466,38000,2022-10-30,PAID
REP004941,LN00467,13500,2021-03-14,PAID
REP004942,LN00467,13500,2021-04-19,PAID
REP004943,LN00467,13500,2021-05-12,PAID
REP004944,LN00467,13500,2021-06-15,PAID
REP004945,LN00467,13500,2021-07-13,PAID
REP004946,LN00467,13500,2021-08-16,PAID
REP004947,LN00467,13500,2021-09-17,PAID
REP004948,LN00467,13500,2021-10-13,PAID
REP004949,LN00467,13500,2021-11-09,PAID
REP004950,LN00467,13500,2021-12-15,PAID
REP004951,LN00467,13500,2022-01-08,PAID
REP004952,LN00467,13500,2022-02-10,PAID
REP004953,LN00467,13500,2022-03-14,PAID
REP004954,LN00468,301000,2023-07-10,LATE
REP004955,LN00468,301000,2023-08-14,PAID
REP004956,LN00468,301000,2023-09-13,PAID
REP004957,LN00469,69000,2020-03-08,PAID
REP004958,LN00469,69000,2020-04-11,PAID
REP004959,LN00469,69000,2020-05-07,PAID
REP004960,LN00469,69000,2020-06-04,PAID
REP004961,LN00469,69000,2020-07-08,PAID
REP004962,LN00469,69000,2020-08-11,PAID
REP004963,LN00469,69000,2020-09-03,PAID
REP004964,LN00469,69000,2020-10-10,PAID
REP004965,LN00469,69000,2020-11-08,PAID
REP004966,LN00471,57500,2022-07-16,PAID
REP004967,LN00471,57500,2022-08-16,PAID
REP004968,LN00471,57500,2022-09-11,PAID
REP004969,LN00471,57500,2022-10-15,LATE
REP004970,LN00471,57500,2022-11-07,PAID
REP004971,LN00471,57500,2022-12-12,PAID
REP004972,LN00471,57500,2023-01-09,PAID
REP004973,LN00471,57500,2023-02-06,PAID
REP004974,LN00471,57500,2023-03-13,PAID
REP004975,LN00471,57500,2023-04-10,PAID
REP004976,LN00471,57500,2023-05-08,PAID
REP004977,LN00471,57500,2023-06-11,PAID
REP004978,LN00471,57500,2023-07-09,PAID
REP004979,LN00471,57500,2023-08-03,PAID
REP004980,LN00471,57500,2023-09-02,PAID
REP004981,LN00471,57500,2023-10-06,PAID
REP004982,LN00471,57500,2023-11-07,PAID
REP004983,LN00471,57500,2023-12-08,PAID
REP004984,LN00471,57500,2024-01-02,PAID
REP004985,LN00471,57500,2024-02-05,PAID
REP004986,LN00471,57500,2024-03-04,PAID
REP004987,LN00471,57500,2024-03-31,PAID
REP004988,LN00471,57500,2024-04-30,PAID
REP004989,LN00471,57500,2024-06-06,PAID
REP004990,LN00471,57500,2024-07-02,PAID
REP004991,LN00472,24000,2023-04-11,PAID
REP004992,LN00472,24000,2023-05-05,PAID
REP004993,LN00472,24000,2023-06-08,PAID
REP004994,LN00472,24000,2023-07-09,PAID
REP004995,LN00472,24000,2023-08-01,PAID
REP004996,LN00472,24000,2023-09-05,PAID
REP004997,LN00472,24000,2023-10-01,PAID
REP004998,LN00472,24000,2023-10-31,PAID
REP004999,LN00472,24000,2023-12-05,PAID
REP005000,LN00472,24000,2024-01-04,LATE
REP005001,LN00472,24000,2024-02-05,PAID
REP005002,LN00472,24000,2024-02-29,PAID
REP005003,LN00472,24000,2024-04-05,PAID
REP005004,LN00472,24000,2024-05-02,PAID
REP005005,LN00473,117000,2023-01-27,PAID
REP005006,LN00473,117000,2023-03-04,PAID
REP005007,LN00473,117000,2023-04-02,PAID
REP005008,LN00473,117000,2023-04-26,PAID
REP005009,LN00473,117000,2023-06-01,PAID
REP005010,LN00473,117000,2023-06-29,PAID
REP005011,LN00474,278500,2023-03-14,PAID
REP005012,LN00474,278500,2023-04-11,PAID
REP005013,LN00475,308500,2022-10-20,PAID
REP005014,LN00475,308500,2022-11-27,PAID
REP005015,LN00476,271000,2022-04-10,LATE
REP005016,LN00476,271000,2022-05-11,PAID
REP005017,LN00476,271000,2022-06-08,PAID
REP005018,LN00476,271000,2022-07-07,PAID
REP005019,LN00476,271000,2022-08-04,PAID
REP005020,LN00476,271000,2022-09-06,PAID
REP005021,LN00476,271000,2022-10-08,PAID
REP005022,LN00477,48500,2020-04-15,PAID
REP005023,LN00477,48500,2020-05-18,PAID
REP005024,LN00477,48500,2020-06-19,PAID
REP005025,LN00477,48500,2020-07-11,PAID
REP005026,LN00477,48500,2020-08-12,PAID
REP005027,LN00477,48500,2020-09-15,PAID
REP005028,LN00477,48500,2020-10-17,PAID
REP005029,LN00477,48500,2020-11-09,PAID
REP005030,LN00477,48500,2020-12-09,PAID
REP005031,LN00478,52000,2022-08-26,PAID
REP005032,LN00478,52000,2022-09-23,PAID
REP005033,LN00478,52000,2022-10-25,PAID
REP005034,LN00479,379000,2023-09-30,PAID
REP005035,LN00479,379000,2023-10-31,PAID
REP005036,LN00479,379000,2023-11-28,PAID
REP005037,LN00480,343500,2021-01-21,PAID
REP005038,LN00480,343500,2021-02-13,PAID
REP005039,LN00480,343500,2021-03-18,LATE
REP005040,LN00480,343500,2021-04-18,PAID
REP005041,LN00480,343500,2021-05-22,PAID
REP005042,LN00480,343500,2021-06-18,PAID
REP005043,LN00481,84000,2020-09-17,PAID
REP005044,LN00481,84000,2020-10-22,PAID
REP005045,LN00481,84000,2020-11-20,PAID
REP005046,LN00481,84000,2020-12-23,PAID
REP005047,LN00481,84000,2021-01-16,PAID
REP005048,LN00481,84000,2021-02-20,PAID
REP005049,LN00481,84000,2021-03-16,PAID
REP005050,LN00481,84000,2021-04-19,PAID
REP005051,LN00481,84000,2021-05-21,PAID
REP005052,LN00481,84000,2021-06-15,PAID
REP005053,LN00481,84000,2021-07-21,PAID
REP005054,LN00481,84000,2021-08-14,PAID
REP005055,LN00481,84000,2021-09-14,PAID
REP005056,LN00481,84000,2021-10-20,PAID
REP005057,LN00481,84000,2021-11-19,PAID
REP005058,LN00481,84000,2021-12-19,PAID
REP005059,LN00481,84000,2022-01-10,PAID
REP005060,LN00481,84000,2022-02-16,PAID
REP005061,LN00481,84000,2022-03-13,PAID
REP005062,LN00481,84000,2022-04-11,PAID
REP005063,LN00481,84000,2022-05-16,PAID
REP005064,LN00481,84000,2022-06-10,PAID
REP005065,LN00481,84000,2022-07-14,PAID
REP005066,LN00481,84000,2022-08-14,PAID
REP005067,LN00482,14500,2024-03-26,PAID
REP005068,LN00482,14500,2024-04-25,PAID
REP005069,LN00482,14500,2024-05-20,PAID
REP005070,LN00482,14500,2024-06-22,PAID
REP005071,LN00482,14500,2024-07-24,PAID
REP005072,LN00483,79000,2024-05-17,PAID
REP005073,LN00483,79000,2024-06-11,PAID
REP005074,LN00483,79000,2024-07-14,PAID
REP005075,LN00484,25500,2023-12-24,PAID
REP005076,LN00484,25500,2024-01-25,PAID
REP005077,LN00484,25500,2024-02-24,PAID
REP005078,LN00484,25500,2024-03-30,PAID
REP005079,LN00484,25500,2024-04-25,PAID
REP005080,LN00484,25500,2024-05-28,PAID
REP005081,LN00484,25500,2024-06-21,PAID
REP005082,LN00484,25500,2024-07-22,PAID
REP005083,LN00484,25500,2024-08-26,PAID
REP005084,LN00484,25500,2024-09-19,PAID
REP005085,LN00484,25500,2024-10-27,PAID
REP005086,LN00484,25500,2024-11-26,PAID
REP005087,LN00484,25500,2024-12-21,PAID
REP005088,LN00484,25500,2025-01-20,PAID
REP005089,LN00484,25500,2025-02-18,PAID
REP005090,LN00484,25500,2025-03-22,PAID
REP005091,LN00484,25500,2025-04-17,PAID
REP005092,LN00484,25500,2025-05-17,LATE
REP005093,LN00485,54500,2023-08-16,PAID
REP005094,LN00485,54500,2023-09-17,PAID
REP005095,LN00485,54500,2023-10-17,PAID
REP005096,LN00485,54500,2023-11-18,PAID
REP005097,LN00485,54500,2023-12-16,PAID
REP005098,LN00485,54500,2024-01-19,PAID
REP005099,LN00485,54500,2024-02-16,PAID
REP005100,LN00485,54500,2024-03-11,PAID
REP005101,LN00485,54500,2024-04-16,PAID
REP005102,LN00485,54500,2024-05-10,PAID
REP005103,LN00486,371000,2021-02-02,PAID
REP005104,LN00486,371000,2021-03-05,PAID
REP005105,LN00486,371000,2021-04-06,PAID
REP005106,LN00486,371000,2021-04-29,PAID
REP005107,LN00486,371000,2021-06-02,PAID
REP005108,LN00486,371000,2021-07-01,PAID
REP005109,LN00488,99000,2024-02-10,PAID
REP005110,LN00488,99000,2024-03-10,PAID
REP005111,LN00488,99000,2024-04-10,PAID
REP005112,LN00488,99000,2024-05-06,PAID
REP005113,LN00488,99000,2024-06-05,PAID
REP005114,LN00488,99000,2024-07-08,PAID
REP005115,LN00488,99000,2024-08-02,PAID
REP005116,LN00488,99000,2024-09-06,PAID
REP005117,LN00488,99000,2024-10-06,PAID
REP005118,LN00488,99000,2024-10-31,LATE
REP005119,LN00488,99000,2024-12-06,PAID
REP005120,LN00488,99000,2025-01-01,PAID
REP005121,LN00488,99000,2025-01-31,PAID
REP005122,LN00488,99000,2025-03-07,PAID
REP005123,LN00488,99000,2025-04-06,PAID
REP005124,LN00488,99000,2025-05-06,PAID
REP005125,LN00488,99000,2025-05-31,PAID
REP005126,LN00488,99000,2025-06-29,PAID
REP005127,LN00488,99000,2025-07-29,PAID
REP005128,LN00488,99000,2025-08-31,PAID
REP005129,LN00488,99000,2025-09-27,PAID
REP005130,LN00488,99000,2025-11-03,PAID
REP005131,LN00488,99000,2025-11-29,PAID
REP005132,LN00488,99000,2026-01-02,PAID
REP005133,LN00489,14500,2020-02-06,PAID
REP005134,LN00489,14500,2020-03-15,LATE
REP005135,LN00489,14500,2020-04-13,PAID
REP005136,LN00489,14500,2020-05-12,PAID
REP005137,LN00489,14500,2020-06-12,PAID
REP005138,LN00489,14500,2020-07-07,PAID
REP005139,LN00489,14500,2020-08-05,PAID
REP005140,LN00489,14500,2020-09-08,PAID
REP005141,LN00489,14500,2020-10-03,PAID
REP005142,LN00489,14500,2020-11-06,PAID
REP005143,LN00489,14500,2020-12-08,PAID
REP005144,LN00489,14500,2021-01-03,PAID
REP005145,LN00489,14500,2021-02-06,PAID
REP005146,LN00489,14500,2021-03-03,PAID
REP005147,LN00489,14500,2021-04-01,PAID
REP005148,LN00489,14500,2021-05-05,PAID
REP005149,LN00489,14500,2021-06-07,PAID
REP005150,LN00489,14500,2021-07-06,PAID
REP005151,LN00489,14500,2021-08-05,PAID
REP005152,LN00489,14500,2021-09-06,LATE
REP005153,LN00489,14500,2021-10-06,PAID
REP005154,LN00489,14500,2021-10-30,PAID
REP005155,LN00489,14500,2021-12-01,PAID
REP005156,LN00489,14500,2021-12-29,PAID
REP005157,LN00489,14500,2022-01-27,PAID
REP005158,LN00489,14500,2022-02-28,PAID
REP005159,LN00489,14500,2022-03-31,PAID
REP005160,LN00489,14500,2022-04-30,LATE
REP005161,LN00489,14500,2022-06-01,PAID
REP005162,LN00489,14500,2022-06-30,PAID
REP005163,LN00489,14500,2022-08-01,PAID
REP005164,LN00489,14500,2022-08-26,PAID
REP005165,LN00489,14500,2022-09-24,PAID
REP005166,LN00489,14500,2022-10-26,PAID
REP005167,LN00489,14500,2022-11-29,PAID
REP005168,LN00489,14500,2022-12-30,PAID
REP005169,LN00489,14500,2023-01-28,PAID
REP005170,LN00490,161000,2022-12-03,PAID
REP005171,LN00490,161000,2023-01-07,PAID
REP005172,LN00490,161000,2023-02-03,PAID
REP005173,LN00490,161000,2023-03-04,PAID
REP005174,LN00490,161000,2023-04-01,PAID
REP005175,LN00491,20000,2020-12-06,PAID
REP005176,LN00491,20000,2020-12-30,PAID
REP005177,LN00491,20000,2021-02-03,PAID
REP005178,LN00491,20000,2021-02-26,PAID
REP005179,LN00491,20000,2021-03-28,PAID
REP005180,LN00491,20000,2021-04-28,PAID
REP005181,LN00491,20000,2021-06-02,PAID
REP005182,LN00491,20000,2021-06-26,PAID
REP005183,LN00491,20000,2021-07-29,LATE
REP005184,LN00492,36000,2021-04-04,PAID
REP005185,LN00492,36000,2021-05-09,PAID
REP005186,LN00492,36000,2021-06-02,PAID
REP005187,LN00492,36000,2021-07-03,PAID
REP005188,LN00492,36000,2021-08-02,PAID
REP005189,LN00492,36000,2021-08-29,LATE
REP005190,LN00492,36000,2021-09-29,PAID
REP005191,LN00492,36000,2021-11-03,PAID
REP005192,LN00492,36000,2021-12-05,PAID
REP005193,LN00492,36000,2021-12-28,PAID
REP005194,LN00492,36000,2022-01-31,PAID
REP005195,LN00492,36000,2022-03-01,PAID
REP005196,LN00492,36000,2022-04-01,PAID
REP005197,LN00492,36000,2022-05-02,PAID
REP005198,LN00492,36000,2022-06-03,PAID
REP005199,LN00492,36000,2022-07-03,PAID
REP005200,LN00492,36000,2022-07-26,PAID
REP005201,LN00492,36000,2022-08-27,PAID
REP005202,LN00492,36000,2022-10-01,PAID
REP005203,LN00492,36000,2022-10-28,PAID
REP005204,LN00492,36000,2022-11-23,PAID
REP005205,LN00492,36000,2022-12-29,PAID
REP005206,LN00492,36000,2023-01-29,PAID
REP005207,LN00492,36000,2023-02-28,PAID
REP005208,LN00493,80000,2024-03-29,PAID
REP005209,LN00493,80000,2024-04-30,PAID
REP005210,LN00493,80000,2024-05-24,PAID
REP005211,LN00494,61000,2021-05-23,PAID
REP005212,LN00494,61000,2021-06-27,PAID
REP005213,LN00494,61000,2021-07-24,PAID
REP005214,LN00494,61000,2021-08-22,PAID
REP005215,LN00494,61000,2021-09-27,PAID
REP005216,LN00494,61000,2021-10-24,PAID
REP005217,LN00494,61000,2021-11-19,PAID
REP005218,LN00494,61000,2021-12-27,PAID
REP005219,LN00494,61000,2022-01-24,PAID
REP005220,LN00494,61000,2022-02-19,PAID
REP005221,LN00494,61000,2022-03-22,PAID
REP005222,LN00494,61000,2022-04-21,PAID
REP005223,LN00494,61000,2022-05-20,PAID
REP005224,LN00494,61000,2022-06-20,PAID
REP005225,LN00494,61000,2022-07-18,PAID
REP005226,LN00494,61000,2022-08-17,PAID
REP005227,LN00494,61000,2022-09-23,PAID
REP005228,LN00494,61000,2022-10-21,PAID
REP005229,LN00494,61000,2022-11-16,PAID
REP005230,LN00494,61000,2022-12-17,PAID
REP005231,LN00494,61000,2023-01-21,PAID
REP005232,LN00494,61000,2023-02-12,PAID
REP005233,LN00494,61000,2023-03-22,PAID
REP005234,LN00494,61000,2023-04-15,PAID
REP005235,LN00495,101500,2024-06-11,LATE
REP005236,LN00496,247500,2021-04-25,PAID
REP005237,LN00497,16000,2021-01-26,PAID
REP005238,LN00497,16000,2021-03-05,PAID
REP005239,LN00497,16000,2021-04-02,PAID
REP005240,LN00497,16000,2021-04-26,PAID
REP005241,LN00497,16000,2021-06-03,PAID
REP005242,LN00497,16000,2021-07-03,PAID
REP005243,LN00497,16000,2021-08-01,PAID
REP005244,LN00497,16000,2021-08-25,LATE
REP005245,LN00497,16000,2021-09-24,PAID
REP005246,LN00497,16000,2021-10-26,PAID
REP005247,LN00497,16000,2021-11-23,PAID
REP005248,LN00497,16000,2021-12-25,PAID
REP005249,LN00497,16000,2022-01-25,PAID
REP005250,LN00497,16000,2022-02-23,PAID
REP005251,LN00497,16000,2022-03-23,PAID
REP005252,LN00497,16000,2022-04-21,PAID
REP005253,LN00497,16000,2022-05-25,PAID
REP005254,LN00497,16000,2022-06-28,PAID
REP005255,LN00497,16000,2022-07-23,PAID
REP005256,LN00497,16000,2022-08-25,PAID
REP005257,LN00497,16000,2022-09-23,PAID
REP005258,LN00497,16000,2022-10-19,LATE
REP005259,LN00497,16000,2022-11-20,PAID
REP005260,LN00497,16000,2022-12-17,PAID
REP005261,LN00498,145500,2021-12-17,LATE
REP005262,LN00498,145500,2022-01-18,PAID
REP005263,LN00498,145500,2022-02-19,PAID
REP005264,LN00498,145500,2022-03-16,PAID
REP005265,LN00499,49000,2022-06-02,PAID
REP005266,LN00499,49000,2022-07-08,PAID
REP005267,LN00499,49000,2022-08-02,PAID
REP005268,LN00499,49000,2022-09-06,PAID
REP005269,LN00499,49000,2022-10-04,PAID
REP005270,LN00499,49000,2022-10-31,PAID
REP005271,LN00500,88500,2023-03-09,LATE
REP005272,LN00501,102000,2022-09-09,PAID
REP005273,LN00501,102000,2022-10-07,PAID
REP005274,LN00501,102000,2022-11-04,PAID
REP005275,LN00501,102000,2022-12-07,LATE
REP005276,LN00501,102000,2022-12-30,PAID
REP005277,LN00501,102000,2023-02-06,PAID
REP005278,LN00501,102000,2023-03-06,PAID
REP005279,LN00501,102000,2023-04-02,PAID
REP005280,LN00502,197500,2023-05-04,PAID
REP005281,LN00503,5500,2020-04-25,PAID
REP005282,LN00503,5500,2020-05-26,PAID
REP005283,LN00503,5500,2020-06-26,PAID
REP005284,LN00503,5500,2020-07-24,PAID
REP005285,LN00503,5500,2020-08-25,PAID
REP005286,LN00503,5500,2020-09-17,PAID
REP005287,LN00503,5500,2020-10-23,PAID
REP005288,LN00503,5500,2020-11-16,PAID
REP005289,LN00503,5500,2020-12-20,PAID
REP005290,LN00503,5500,2021-01-20,PAID
REP005291,LN00504,118500,2022-11-14,PAID
REP005292,LN00504,118500,2022-12-14,PAID
REP005293,LN00504,118500,2023-01-06,PAID
REP005294,LN00504,118500,2023-02-08,PAID
REP005295,LN00504,118500,2023-03-08,PAID
REP005296,LN00504,118500,2023-04-11,PAID
REP005297,LN00504,118500,2023-05-14,PAID
REP005298,LN00504,118500,2023-06-07,PAID
REP005299,LN00504,118500,2023-07-09,PAID
REP005300,LN00504,118500,2023-08-12,PAID
REP005301,LN00504,118500,2023-09-08,PAID
REP005302,LN00504,118500,2023-10-04,PAID
REP005303,LN00505,91000,2022-02-05,PAID
REP005304,LN00505,91000,2022-03-03,PAID
REP005305,LN00505,91000,2022-04-08,PAID
REP005306,LN00505,91000,2022-05-02,PAID
REP005307,LN00505,91000,2022-06-02,PAID
REP005308,LN00505,91000,2022-07-06,PAID
REP005309,LN00506,78500,2024-01-08,PAID
REP005310,LN00506,78500,2024-02-14,PAID
REP005311,LN00507,98500,2021-02-10,PAID
REP005312,LN00507,98500,2021-03-17,PAID
REP005313,LN00507,98500,2021-04-16,PAID
REP005314,LN00507,98500,2021-05-12,PAID
REP005315,LN00507,98500,2021-06-16,PAID
REP005316,LN00507,98500,2021-07-10,PAID
REP005317,LN00507,98500,2021-08-12,PAID
REP005318,LN00507,98500,2021-09-12,PAID
REP005319,LN00507,98500,2021-10-09,PAID
REP005320,LN00507,98500,2021-11-14,PAID
REP005321,LN00507,98500,2021-12-10,PAID
REP005322,LN00507,98500,2022-01-05,PAID
REP005323,LN00507,98500,2022-02-12,PAID
REP005324,LN00507,98500,2022-03-08,PAID
REP005325,LN00507,98500,2022-04-10,PAID
REP005326,LN00507,98500,2022-05-05,PAID
REP005327,LN00507,98500,2022-06-04,PAID
REP005328,LN00507,98500,2022-07-04,PAID
REP005329,LN00508,182500,2023-01-22,PAID
REP005330,LN00508,182500,2023-02-23,PAID
REP005331,LN00508,182500,2023-03-20,PAID
REP005332,LN00509,73000,2023-07-23,PAID
REP005333,LN00509,73000,2023-08-27,PAID
REP005334,LN00509,73000,2023-09-27,PAID
REP005335,LN00509,73000,2023-10-27,PAID
REP005336,LN00510,87000,2022-03-22,PAID
REP005337,LN00510,87000,2022-04-28,PAID
REP005338,LN00510,87000,2022-05-29,PAID
REP005339,LN00510,87000,2022-06-24,PAID
REP005340,LN00510,87000,2022-07-23,PAID
REP005341,LN00511,204500,2024-01-20,PAID
REP005342,LN00511,204500,2024-02-26,PAID
REP005343,LN00511,204500,2024-03-24,LATE
REP005344,LN00511,204500,2024-04-19,PAID
REP005345,LN00512,69500,2024-01-14,PAID
REP005346,LN00512,69500,2024-02-05,PAID
REP005347,LN00512,69500,2024-03-11,PAID
REP005348,LN00513,149000,2020-05-20,PAID
REP005349,LN00513,149000,2020-06-18,PAID
REP005350,LN00513,149000,2020-07-18,PAID
REP005351,LN00514,62500,2024-01-21,PAID
REP005352,LN00514,62500,2024-02-19,PAID
REP005353,LN00514,62500,2024-03-23,PAID
REP005354,LN00514,62500,2024-04-26,PAID
REP005355,LN00514,62500,2024-05-21,PAID
REP005356,LN00514,62500,2024-06-18,PAID
REP005357,LN00514,62500,2024-07-24,PAID
REP005358,LN00514,62500,2024-08-17,LATE
REP005359,LN00514,62500,2024-09-23,PAID
REP005360,LN00514,62500,2024-10-17,PAID
REP005361,LN00514,62500,2024-11-19,PAID
REP005362,LN00514,62500,2024-12-20,PAID
REP005363,LN00514,62500,2025-01-17,PAID
REP005364,LN00514,62500,2025-02-15,PAID
REP005365,LN00515,167500,2022-08-28,PAID
REP005366,LN00515,167500,2022-09-24,PAID
REP005367,LN00515,167500,2022-10-27,PAID
REP005368,LN00515,167500,2022-11-24,PAID
REP005369,LN00515,167500,2022-12-27,PAID
REP005370,LN00515,167500,2023-01-25,PAID
REP005371,LN00515,167500,2023-02-19,PAID
REP005372,LN00515,167500,2023-03-28,PAID
REP005373,LN00516,98000,2021-01-02,PAID
REP005374,LN00516,98000,2021-02-06,PAID
REP005375,LN00516,98000,2021-03-01,LATE
REP005376,LN00517,33500,2022-06-04,LATE
REP005377,LN00517,33500,2022-07-04,PAID
REP005378,LN00517,33500,2022-08-04,PAID
REP005379,LN00517,33500,2022-08-30,PAID
REP005380,LN00517,33500,2022-10-01,PAID
REP005381,LN00517,33500,2022-11-01,PAID
REP005382,LN00517,33500,2022-12-04,PAID
REP005383,LN00517,33500,2022-12-29,PAID
REP005384,LN00517,33500,2023-01-27,PAID
REP005385,LN00517,33500,2023-02-24,PAID
REP005386,LN00517,33500,2023-03-30,PAID
REP005387,LN00517,33500,2023-05-01,LATE
REP005388,LN00517,33500,2023-05-31,PAID
REP005389,LN00517,33500,2023-07-02,PAID
REP005390,LN00517,33500,2023-07-28,PAID
REP005391,LN00517,33500,2023-08-31,PAID
REP005392,LN00517,33500,2023-09-30,PAID
REP005393,LN00517,33500,2023-10-24,PAID
REP005394,LN00517,33500,2023-11-24,PAID
REP005395,LN00517,33500,2023-12-25,PAID
REP005396,LN00517,33500,2024-01-22,PAID
REP005397,LN00517,33500,2024-02-24,PAID
REP005398,LN00517,33500,2024-03-27,PAID
REP005399,LN00517,33500,2024-04-23,PAID
REP005400,LN00517,33500,2024-05-25,PAID
REP005401,LN00517,33500,2024-06-23,PAID
REP005402,LN00517,33500,2024-07-23,PAID
REP005403,LN00517,33500,2024-08-19,PAID
REP005404,LN00517,33500,2024-09-18,PAID
REP005405,LN00517,33500,2024-10-16,PAID
REP005406,LN00517,33500,2024-11-23,PAID
REP005407,LN00517,33500,2024-12-20,PAID
REP005408,LN00517,33500,2025-01-21,PAID
REP005409,LN00517,33500,2025-02-17,PAID
REP005410,LN00517,33500,2025-03-16,PAID
REP005411,LN00517,33500,2025-04-15,PAID
REP005412,LN00519,69000,2023-05-05,PAID
REP005413,LN00519,69000,2023-05-28,PAID
REP005414,LN00519,69000,2023-06-26,PAID
REP005415,LN00519,69000,2023-07-30,PAID
REP005416,LN00519,69000,2023-09-01,PAID
REP005417,LN00519,69000,2023-09-24,PAID
REP005418,LN00519,69000,2023-10-26,PAID
REP005419,LN00519,69000,2023-11-23,PAID
REP005420,LN00520,62500,2021-10-16,PAID
REP005421,LN00520,62500,2021-11-15,PAID
REP005422,LN00520,62500,2021-12-14,PAID
REP005423,LN00520,62500,2022-01-10,PAID
REP005424,LN00520,62500,2022-02-08,PAID
REP005425,LN00520,62500,2022-03-12,PAID
REP005426,LN00520,62500,2022-04-14,PAID
REP005427,LN00520,62500,2022-05-14,PAID
REP005428,LN00520,62500,2022-06-08,LATE
REP005429,LN00520,62500,2022-07-14,PAID
REP005430,LN00520,62500,2022-08-07,PAID
REP005431,LN00520,62500,2022-09-07,PAID
REP005432,LN00520,62500,2022-10-08,PAID
REP005433,LN00520,62500,2022-11-10,PAID
REP005434,LN00520,62500,2022-12-09,PAID
REP005435,LN00520,62500,2023-01-09,LATE
REP005436,LN00520,62500,2023-02-07,LATE
REP005437,LN00520,62500,2023-03-12,PAID
REP005438,LN00520,62500,2023-04-11,PAID
REP005439,LN00520,62500,2023-05-06,PAID
REP005440,LN00520,62500,2023-06-11,LATE
REP005441,LN00520,62500,2023-07-08,PAID
REP005442,LN00520,62500,2023-08-07,PAID
REP005443,LN00520,62500,2023-09-04,PAID
REP005444,LN00520,62500,2023-10-02,LATE
REP005445,LN00520,62500,2023-11-06,PAID
REP005446,LN00520,62500,2023-12-03,PAID
REP005447,LN00520,62500,2023-12-30,PAID
REP005448,LN00520,62500,2024-01-30,LATE
REP005449,LN00520,62500,2024-03-04,PAID
REP005450,LN00520,62500,2024-03-29,PAID
REP005451,LN00520,62500,2024-05-04,LATE
REP005452,LN00520,62500,2024-06-01,PAID
REP005453,LN00520,62500,2024-07-05,PAID
REP005454,LN00520,62500,2024-07-28,PAID
REP005455,LN00520,62500,2024-08-31,PAID
REP005456,LN00521,23000,2022-03-07,PAID
REP005457,LN00521,23000,2022-04-01,PAID
REP005458,LN00521,23000,2022-05-03,PAID
REP005459,LN00521,23000,2022-06-02,PAID
REP005460,LN00521,23000,2022-06-27,PAID
REP005461,LN00521,23000,2022-08-03,PAID
REP005462,LN00521,23000,2022-08-26,PAID
REP005463,LN00521,23000,2022-10-01,PAID
REP005464,LN00521,23000,2022-11-02,PAID
REP005465,LN00521,23000,2022-12-02,PAID
REP005466,LN00521,23000,2022-12-31,PAID
REP005467,LN00521,23000,2023-01-23,PAID
REP005468,LN00521,23000,2023-02-25,PAID
REP005469,LN00521,23000,2023-04-01,PAID
REP005470,LN00521,23000,2023-04-25,PAID
REP005471,LN00521,23000,2023-05-26,PAID
REP005472,LN00521,23000,2023-06-26,PAID
REP005473,LN00521,23000,2023-07-27,PAID
REP005474,LN00521,23000,2023-08-21,LATE
REP005475,LN00522,175500,2021-09-10,PAID
REP005476,LN00522,175500,2021-10-05,PAID
REP005477,LN00522,175500,2021-11-02,PAID
REP005478,LN00522,175500,2021-12-07,PAID
REP005479,LN00522,175500,2022-01-02,PAID
REP005480,LN00522,175500,2022-02-06,PAID
REP005481,LN00522,175500,2022-03-04,PAID
REP005482,LN00522,175500,2022-04-03,PAID
REP005483,LN00522,175500,2022-05-08,PAID
REP005484,LN00522,175500,2022-06-02,PAID
REP005485,LN00522,175500,2022-07-02,PAID
REP005486,LN00522,175500,2022-08-01,PAID
REP005487,LN00523,414000,2021-06-02,PAID
REP005488,LN00524,46500,2021-03-24,LATE
REP005489,LN00524,46500,2021-04-22,PAID
REP005490,LN00524,46500,2021-05-28,PAID
REP005491,LN00524,46500,2021-06-21,PAID
REP005492,LN00526,202000,2021-11-21,PAID
REP005493,LN00526,202000,2021-12-19,PAID
REP005494,LN00526,202000,2022-01-15,LATE
REP005495,LN00526,202000,2022-02-12,PAID
REP005496,LN00526,202000,2022-03-19,PAID
REP005497,LN00526,202000,2022-04-14,PAID
REP005498,LN00528,16000,2024-03-10,PAID
REP005499,LN00528,16000,2024-04-11,PAID
REP005500,LN00528,16000,2024-05-12,PAID
REP005501,LN00528,16000,2024-06-11,PAID
REP005502,LN00528,16000,2024-07-05,PAID
REP005503,LN00529,47000,2022-08-02,PAID
REP005504,LN00529,47000,2022-08-28,PAID
REP005505,LN00529,47000,2022-09-30,PAID
REP005506,LN00529,47000,2022-10-29,PAID
REP005507,LN00529,47000,2022-11-28,PAID
REP005508,LN00529,47000,2022-12-31,PAID
REP005509,LN00529,47000,2023-01-26,PAID
REP005510,LN00530,228500,2021-03-10,PAID
REP005511,LN00530,228500,2021-04-04,LATE
REP005512,LN00530,228500,2021-05-09,PAID
REP005513,LN00530,228500,2021-06-06,PAID
REP005514,LN00530,228500,2021-07-04,PAID
REP005515,LN00530,228500,2021-08-08,LATE
REP005516,LN00531,69000,2022-04-20,PAID
REP005517,LN00532,41500,2020-11-26,PAID
REP005518,LN00532,41500,2020-12-27,PAID
REP005519,LN00532,41500,2021-02-01,PAID
REP005520,LN00533,306000,2023-03-21,PAID
REP005521,LN00533,306000,2023-04-21,PAID
REP005522,LN00533,306000,2023-05-21,PAID
REP005523,LN00533,306000,2023-06-22,PAID
REP005524,LN00533,306000,2023-07-24,PAID
REP005525,LN00533,306000,2023-08-19,PAID
REP005526,LN00533,306000,2023-09-22,PAID
REP005527,LN00533,306000,2023-10-24,PAID
REP005528,LN00534,16000,2020-12-30,PAID
REP005529,LN00534,16000,2021-01-28,PAID
REP005530,LN00534,16000,2021-03-06,LATE
REP005531,LN00534,16000,2021-03-28,PAID
REP005532,LN00534,16000,2021-05-02,PAID
REP005533,LN00534,16000,2021-06-03,PAID
REP005534,LN00534,16000,2021-06-29,PAID
REP005535,LN00534,16000,2021-08-01,PAID
REP005536,LN00535,6000,2022-09-28,PAID
REP005537,LN00535,6000,2022-11-02,PAID
REP005538,LN00535,6000,2022-12-03,PAID
REP005539,LN00535,6000,2022-12-29,PAID
REP005540,LN00535,6000,2023-01-25,PAID
REP005541,LN00535,6000,2023-02-25,PAID
REP005542,LN00535,6000,2023-04-01,PAID
REP005543,LN00535,6000,2023-04-24,PAID
REP005544,LN00535,6000,2023-05-27,PAID
REP005545,LN00535,6000,2023-07-01,PAID
REP005546,LN00535,6000,2023-07-26,PAID
REP005547,LN00535,6000,2023-08-24,PAID
REP005548,LN00535,6000,2023-09-22,PAID
REP005549,LN00535,6000,2023-10-28,PAID
REP005550,LN00535,6000,2023-11-23,PAID
REP005551,LN00535,6000,2023-12-28,PAID
REP005552,LN00535,6000,2024-01-20,PAID
REP005553,LN00535,6000,2024-02-23,PAID
REP005554,LN00535,6000,2024-03-22,PAID
REP005555,LN00535,6000,2024-04-20,PAID
REP005556,LN00535,6000,2024-05-18,PAID
REP005557,LN00535,6000,2024-06-20,PAID
REP005558,LN00535,6000,2024-07-21,PAID
REP005559,LN00535,6000,2024-08-18,PAID
REP005560,LN00535,6000,2024-09-17,PAID
REP005561,LN00535,6000,2024-10-22,PAID
REP005562,LN00535,6000,2024-11-16,PAID
REP005563,LN00535,6000,2024-12-15,PAID
REP005564,LN00535,6000,2025-01-16,LATE
REP005565,LN00535,6000,2025-02-14,PAID
REP005566,LN00535,6000,2025-03-20,PAID
REP005567,LN00535,6000,2025-04-13,PAID
REP005568,LN00535,6000,2025-05-19,PAID
REP005569,LN00535,6000,2025-06-12,PAID
REP005570,LN00535,6000,2025-07-15,PAID
REP005571,LN00535,6000,2025-08-18,PAID
REP005572,LN00536,26500,2022-05-20,PAID
REP005573,LN00536,26500,2022-06-15,PAID
REP005574,LN00536,26500,2022-07-17,PAID
REP005575,LN00536,26500,2022-08-14,PAID
REP005576,LN00536,26500,2022-09-14,PAID
REP005577,LN00536,26500,2022-10-13,PAID
REP005578,LN00536,26500,2022-11-12,PAID
REP005579,LN00536,26500,2022-12-17,PAID
REP005580,LN00536,26500,2023-01-10,PAID
REP005581,LN00536,26500,2023-02-11,PAID
REP005582,LN00536,26500,2023-03-19,PAID
REP005583,LN00536,26500,2023-04-10,PAID
REP005584,LN00536,26500,2023-05-18,PAID
REP005585,LN00536,26500,2023-06-10,PAID
REP005586,LN00536,26500,2023-07-15,PAID
REP005587,LN00536,26500,2023-08-09,PAID
REP005588,LN00536,26500,2023-09-10,PAID
REP005589,LN00536,26500,2023-10-13,PAID
REP005590,LN00537,58500,2021-02-19,PAID
REP005591,LN00537,58500,2021-03-19,PAID
REP005592,LN00537,58500,2021-04-17,PAID
REP005593,LN00537,58500,2021-05-18,PAID
REP005594,LN00537,58500,2021-06-17,PAID
REP005595,LN00537,58500,2021-07-11,PAID
REP005596,LN00537,58500,2021-08-16,PAID
REP005597,LN00537,58500,2021-09-10,PAID
REP005598,LN00537,58500,2021-10-15,PAID
REP005599,LN00537,58500,2021-11-08,PAID
REP005600,LN00537,58500,2021-12-12,PAID
REP005601,LN00537,58500,2022-01-11,PAID
REP005602,LN00537,58500,2022-02-06,PAID
REP005603,LN00537,58500,2022-03-14,PAID
REP005604,LN00537,58500,2022-04-10,PAID
REP005605,LN00537,58500,2022-05-10,PAID
REP005606,LN00537,58500,2022-06-12,PAID
REP005607,LN00537,58500,2022-07-10,PAID
REP005608,LN00537,58500,2022-08-11,PAID
REP005609,LN00537,58500,2022-09-07,PAID
REP005610,LN00537,58500,2022-10-06,PAID
REP005611,LN00537,58500,2022-11-09,PAID
REP005612,LN00537,58500,2022-12-04,PAID
REP005613,LN00537,58500,2023-01-04,PAID
REP005614,LN00538,5000,2023-03-20,PAID
REP005615,LN00538,5000,2023-04-22,PAID
REP005616,LN00538,5000,2023-05-25,PAID
REP005617,LN00538,5000,2023-06-20,PAID
REP005618,LN00538,5000,2023-07-17,PAID
REP005619,LN00538,5000,2023-08-23,PAID
REP005620,LN00538,5000,2023-09-14,PAID
REP005621,LN00539,27000,2023-10-05,PAID
REP005622,LN00539,27000,2023-10-29,PAID
REP005623,LN00539,27000,2023-12-03,PAID
REP005624,LN00539,27000,2023-12-30,PAID
REP005625,LN00539,27000,2024-01-27,PAID
REP005626,LN00539,27000,2024-03-02,PAID
REP005627,LN00539,27000,2024-03-29,PAID
REP005628,LN00539,27000,2024-04-28,PAID
REP005629,LN00539,27000,2024-05-29,PAID
REP005630,LN00539,27000,2024-06-26,PAID
REP005631,LN00539,27000,2024-07-24,PAID
REP005632,LN00539,27000,2024-08-26,PAID
REP005633,LN00539,27000,2024-09-26,PAID
REP005634,LN00539,27000,2024-10-22,PAID
REP005635,LN00539,27000,2024-11-24,PAID
REP005636,LN00539,27000,2024-12-26,PAID
REP005637,LN00539,27000,2025-01-28,PAID
REP005638,LN00539,27000,2025-02-19,PAID
REP005639,LN00540,138000,2024-05-16,PAID
REP005640,LN00540,138000,2024-06-18,PAID
REP005641,LN00540,138000,2024-07-17,PAID
REP005642,LN00540,138000,2024-08-14,PAID
REP005643,LN00540,138000,2024-09-16,PAID
REP005644,LN00540,138000,2024-10-13,PAID
REP005645,LN00540,138000,2024-11-13,PAID
REP005646,LN00540,138000,2024-12-13,PAID
REP005647,LN00540,138000,2025-01-13,PAID
REP005648,LN00540,138000,2025-02-13,PAID
REP005649,LN00540,138000,2025-03-12,PAID
REP005650,LN00540,138000,2025-04-15,PAID
REP005651,LN00540,138000,2025-05-08,PAID
REP005652,LN00540,138000,2025-06-10,PAID
REP005653,LN00540,138000,2025-07-08,PAID
REP005654,LN00540,138000,2025-08-10,LATE
REP005655,LN00540,138000,2025-09-04,PAID
REP005656,LN00540,138000,2025-10-08,PAID
REP005657,LN00541,135500,2022-07-11,PAID
REP005658,LN00541,135500,2022-08-10,PAID
REP005659,LN00541,135500,2022-09-12,PAID
REP005660,LN00541,135500,2022-10-13,PAID
REP005661,LN00541,135500,2022-11-13,PAID
REP005662,LN00541,135500,2022-12-09,LATE
REP005663,LN00542,11500,2020-12-30,PAID
REP005664,LN00542,11500,2021-01-30,PAID
REP005665,LN00542,11500,2021-02-25,PAID
REP005666,LN00542,11500,2021-04-01,PAID
REP005667,LN00542,11500,2021-04-29,PAID
REP005668,LN00542,11500,2021-05-29,PAID
REP005669,LN00542,11500,2021-06-27,PAID
REP005670,LN00542,11500,2021-07-26,PAID
REP005671,LN00542,11500,2021-08-24,PAID
REP005672,LN00542,11500,2021-09-27,PAID
REP005673,LN00542,11500,2021-10-25,PAID
REP005674,LN00542,11500,2021-11-21,PAID
REP005675,LN00542,11500,2021-12-27,PAID
REP005676,LN00542,11500,2022-01-27,PAID
REP005677,LN00542,11500,2022-02-19,LATE
REP005678,LN00542,11500,2022-03-22,PAID
REP005679,LN00542,11500,2022-04-28,PAID
REP005680,LN00542,11500,2022-05-22,PAID
REP005681,LN00542,11500,2022-06-20,PAID
REP005682,LN00542,11500,2022-07-27,PAID
REP005683,LN00542,11500,2022-08-26,PAID
REP005684,LN00542,11500,2022-09-19,PAID
REP005685,LN00542,11500,2022-10-21,PAID
REP005686,LN00542,11500,2022-11-18,PAID
REP005687,LN00542,11500,2022-12-24,PAID
REP005688,LN00542,11500,2023-01-19,PAID
REP005689,LN00542,11500,2023-02-21,LATE
REP005690,LN00542,11500,2023-03-23,PAID
REP005691,LN00542,11500,2023-04-17,PAID
REP005692,LN00542,11500,2023-05-15,PAID
REP005693,LN00542,11500,2023-06-20,PAID
REP005694,LN00542,11500,2023-07-16,PAID
REP005695,LN00542,11500,2023-08-20,PAID
REP005696,LN00542,11500,2023-09-14,PAID
REP005697,LN00542,11500,2023-10-18,PAID
REP005698,LN00542,11500,2023-11-17,PAID
REP005699,LN00543,60000,2020-05-15,PAID
REP005700,LN00543,60000,2020-06-14,PAID
REP005701,LN00543,60000,2020-07-14,PAID
REP005702,LN00543,60000,2020-08-18,PAID
REP005703,LN00543,60000,2020-09-19,PAID
REP005704,LN00543,60000,2020-10-13,LATE
REP005705,LN00543,60000,2020-11-16,PAID
REP005706,LN00543,60000,2020-12-19,PAID
REP005707,LN00544,87500,2023-01-16,LATE
REP005708,LN00544,87500,2023-02-17,PAID
REP005709,LN00544,87500,2023-03-19,PAID
REP005710,LN00544,87500,2023-04-17,PAID
REP005711,LN00544,87500,2023-05-21,PAID
REP005712,LN00544,87500,2023-06-18,PAID
REP005713,LN00545,39500,2021-11-22,PAID
REP005714,LN00546,61500,2020-02-24,PAID
REP005715,LN00546,61500,2020-03-27,PAID
REP005716,LN00546,61500,2020-05-01,PAID
REP005717,LN00546,61500,2020-05-24,PAID
REP005718,LN00546,61500,2020-06-24,PAID
REP005719,LN00547,49000,2021-04-19,PAID
REP005720,LN00548,342500,2022-09-02,PAID
REP005721,LN00548,342500,2022-09-29,PAID
REP005722,LN00548,342500,2022-11-02,PAID
REP005723,LN00549,55500,2020-11-07,PAID
REP005724,LN00549,55500,2020-12-09,PAID
REP005725,LN00549,55500,2021-01-13,PAID
REP005726,LN00549,55500,2021-02-10,PAID
REP005727,LN00549,55500,2021-03-12,PAID
REP005728,LN00549,55500,2021-04-11,PAID
REP005729,LN00549,55500,2021-05-09,PAID
REP005730,LN00549,55500,2021-06-07,PAID
REP005731,LN00549,55500,2021-07-12,PAID
REP005732,LN00549,55500,2021-08-07,PAID
REP005733,LN00549,55500,2021-09-05,LATE
REP005734,LN00549,55500,2021-10-08,PAID
REP005735,LN00550,61000,2024-04-03,PAID
REP005736,LN00550,61000,2024-05-03,PAID
REP005737,LN00550,61000,2024-06-05,PAID
REP005738,LN00550,61000,2024-07-07,PAID
REP005739,LN00550,61000,2024-07-29,PAID
REP005740,LN00550,61000,2024-08-29,PAID
REP005741,LN00551,91000,2021-04-08,LATE
REP005742,LN00551,91000,2021-05-03,PAID
REP005743,LN00551,91000,2021-06-07,PAID
REP005744,LN00551,91000,2021-07-01,PAID
REP005745,LN00551,91000,2021-08-01,PAID
REP005746,LN00552,22000,2024-04-30,PAID
REP005747,LN00552,22000,2024-05-28,LATE
REP005748,LN00552,22000,2024-06-27,PAID
REP005749,LN00552,22000,2024-07-27,PAID
REP005750,LN00552,22000,2024-09-02,PAID
REP005751,LN00552,22000,2024-10-02,PAID
REP005752,LN00552,22000,2024-10-26,PAID
REP005753,LN00552,22000,2024-11-30,PAID
REP005754,LN00552,22000,2024-12-29,PAID
REP005755,LN00552,22000,2025-01-26,PAID
REP005756,LN00552,22000,2025-02-25,PAID
REP005757,LN00552,22000,2025-03-30,PAID
REP005758,LN00552,22000,2025-04-29,PAID
REP005759,LN00552,22000,2025-05-24,PAID
REP005760,LN00552,22000,2025-06-24,PAID
REP005761,LN00552,22000,2025-07-23,PAID
REP005762,LN00552,22000,2025-08-22,PAID
REP005763,LN00552,22000,2025-09-27,LATE
REP005764,LN00552,22000,2025-10-20,PAID
REP005765,LN00552,22000,2025-11-22,PAID
REP005766,LN00552,22000,2025-12-20,PAID
REP005767,LN00552,22000,2026-01-19,PAID
REP005768,LN00552,22000,2026-02-18,PAID
REP005769,LN00552,22000,2026-03-23,PAID
REP005770,LN00553,11500,2020-10-03,PAID
REP005771,LN00553,11500,2020-11-01,PAID
REP005772,LN00553,11500,2020-11-26,PAID
REP005773,LN00553,11500,2020-12-29,PAID
REP005774,LN00553,11500,2021-02-01,PAID
REP005775,LN00553,11500,2021-02-27,PAID
REP005776,LN00553,11500,2021-03-27,PAID
REP005777,LN00553,11500,2021-04-29,PAID
REP005778,LN00553,11500,2021-06-01,PAID
REP005779,LN00553,11500,2021-06-27,LATE
REP005780,LN00553,11500,2021-07-29,PAID
REP005781,LN00553,11500,2021-08-31,PAID
REP005782,LN00553,11500,2021-09-23,PAID
REP005783,LN00553,11500,2021-10-27,PAID
REP005784,LN00553,11500,2021-11-22,PAID
REP005785,LN00553,11500,2021-12-27,PAID
REP005786,LN00553,11500,2022-01-20,PAID
REP005787,LN00553,11500,2022-02-23,PAID
REP005788,LN00554,141000,2023-05-22,PAID
REP005789,LN00554,141000,2023-06-20,PAID
REP005790,LN00555,119000,2022-01-13,PAID
REP005791,LN00555,119000,2022-02-08,PAID
REP005792,LN00555,119000,2022-03-14,PAID
REP005793,LN00555,119000,2022-04-11,PAID
REP005794,LN00555,119000,2022-05-10,PAID
REP005795,LN00555,119000,2022-06-14,PAID
REP005796,LN00555,119000,2022-07-12,PAID
REP005797,LN00555,119000,2022-08-12,PAID
REP005798,LN00555,119000,2022-09-10,LATE
REP005799,LN00555,119000,2022-10-07,PAID
REP005800,LN00555,119000,2022-11-11,PAID
REP005801,LN00555,119000,2022-12-08,PAID
REP005802,LN00555,119000,2023-01-11,PAID
REP005803,LN00555,119000,2023-02-08,PAID
REP005804,LN00555,119000,2023-03-05,PAID
REP005805,LN00555,119000,2023-04-04,PAID
REP005806,LN00555,119000,2023-05-04,PAID
REP005807,LN00555,119000,2023-06-09,PAID
REP005808,LN00556,96500,2023-04-26,PAID
REP005809,LN00556,96500,2023-06-02,PAID
REP005810,LN00556,96500,2023-06-26,PAID
REP005811,LN00557,26500,2021-04-13,PAID
REP005812,LN00557,26500,2021-05-16,PAID
REP005813,LN00557,26500,2021-06-15,PAID
REP005814,LN00558,24000,2022-01-30,PAID
REP005815,LN00558,24000,2022-03-02,PAID
REP005816,LN00558,24000,2022-03-25,PAID
REP005817,LN00558,24000,2022-04-30,PAID
REP005818,LN00558,24000,2022-05-26,PAID
REP005819,LN00558,24000,2022-06-24,PAID
REP005820,LN00558,24000,2022-07-28,PAID
REP005821,LN00558,24000,2022-08-21,PAID
REP005822,LN00558,24000,2022-09-25,PAID
REP005823,LN00558,24000,2022-10-28,PAID
REP005824,LN00559,64000,2022-09-15,PAID
REP005825,LN00559,64000,2022-10-14,PAID
REP005826,LN00559,64000,2022-11-10,PAID
REP005827,LN00559,64000,2022-12-11,PAID
REP005828,LN00559,64000,2023-01-07,PAID
REP005829,LN00559,64000,2023-02-11,PAID
REP005830,LN00560,41500,2021-12-02,LATE
REP005831,LN00560,41500,2022-01-06,PAID
REP005832,LN00560,41500,2022-02-02,PAID
REP005833,LN00560,41500,2022-02-28,PAID
REP005834,LN00560,41500,2022-03-31,PAID
REP005835,LN00560,41500,2022-04-29,PAID
REP005836,LN00560,41500,2022-05-28,PAID
REP005837,LN00560,41500,2022-07-04,PAID
REP005838,LN00560,41500,2022-07-31,PAID
REP005839,LN00560,41500,2022-09-02,PAID
REP005840,LN00560,41500,2022-09-29,PAID
REP005841,LN00560,41500,2022-10-25,LATE
REP005842,LN00560,41500,2022-11-30,PAID
REP005843,LN00560,41500,2022-12-31,PAID
REP005844,LN00560,41500,2023-01-27,PAID
REP005845,LN00560,41500,2023-02-28,PAID
REP005846,LN00560,41500,2023-03-28,PAID
REP005847,LN00560,41500,2023-04-30,PAID
REP005848,LN00560,41500,2023-05-24,PAID
REP005849,LN00560,41500,2023-06-25,PAID
REP005850,LN00560,41500,2023-07-27,PAID
REP005851,LN00560,41500,2023-08-21,PAID
REP005852,LN00560,41500,2023-09-25,LATE
REP005853,LN00560,41500,2023-10-26,PAID
REP005854,LN00561,102500,2023-03-10,PAID
REP005855,LN00561,102500,2023-04-06,PAID
REP005856,LN00562,282500,2021-02-02,PAID
REP005857,LN00562,282500,2021-03-02,PAID
REP005858,LN00563,73000,2020-11-23,PAID
REP005859,LN00563,73000,2020-12-21,PAID
REP005860,LN00563,73000,2021-01-21,PAID
REP005861,LN00563,73000,2021-02-17,LATE
REP005862,LN00563,73000,2021-03-21,PAID
REP005863,LN00563,73000,2021-04-15,PAID
REP005864,LN00563,73000,2021-05-20,PAID
REP005865,LN00563,73000,2021-06-22,PAID
REP005866,LN00563,73000,2021-07-20,PAID
REP005867,LN00563,73000,2021-08-19,PAID
REP005868,LN00563,73000,2021-09-13,PAID
REP005869,LN00563,73000,2021-10-16,PAID
REP005870,LN00563,73000,2021-11-19,PAID
REP005871,LN00563,73000,2021-12-16,PAID
REP005872,LN00563,73000,2022-01-15,PAID
REP005873,LN00563,73000,2022-02-15,PAID
REP005874,LN00563,73000,2022-03-14,PAID
REP005875,LN00563,73000,2022-04-15,PAID
REP005876,LN00563,73000,2022-05-14,PAID
REP005877,LN00563,73000,2022-06-13,PAID
REP005878,LN00563,73000,2022-07-10,PAID
REP005879,LN00563,73000,2022-08-12,PAID
REP005880,LN00563,73000,2022-09-13,PAID
REP005881,LN00563,73000,2022-10-10,PAID
REP005882,LN00564,45000,2022-02-14,PAID
REP005883,LN00564,45000,2022-03-19,PAID
REP005884,LN00565,80000,2024-02-25,PAID
REP005885,LN00565,80000,2024-03-26,LATE
REP005886,LN00565,80000,2024-04-29,PAID
REP005887,LN00565,80000,2024-05-24,LATE
REP005888,LN00565,80000,2024-06-25,PAID
REP005889,LN00565,80000,2024-07-22,PAID
REP005890,LN00565,80000,2024-08-26,PAID
REP005891,LN00565,80000,2024-09-21,PAID
REP005892,LN00565,80000,2024-10-26,PAID
REP005893,LN00565,80000,2024-11-25,PAID
REP005894,LN00565,80000,2024-12-21,PAID
REP005895,LN00565,80000,2025-01-18,PAID
REP005896,LN00565,80000,2025-02-15,PAID
REP005897,LN00565,80000,2025-03-24,PAID
REP005898,LN00565,80000,2025-04-18,PAID
REP005899,LN00565,80000,2025-05-23,PAID
REP005900,LN00565,80000,2025-06-22,PAID
REP005901,LN00565,80000,2025-07-23,PAID
REP005902,LN00565,80000,2025-08-18,PAID
REP005903,LN00565,80000,2025-09-19,PAID
REP005904,LN00565,80000,2025-10-20,PAID
REP005905,LN00565,80000,2025-11-14,PAID
REP005906,LN00565,80000,2025-12-14,LATE
REP005907,LN00565,80000,2026-01-11,LATE
REP005908,LN00566,68500,2022-10-04,PAID
REP005909,LN00566,68500,2022-11-03,PAID
REP005910,LN00566,68500,2022-11-29,PAID
REP005911,LN00566,68500,2022-12-30,PAID
REP005912,LN00566,68500,2023-01-26,PAID
REP005913,LN00566,68500,2023-03-02,PAID
REP005914,LN00566,68500,2023-03-28,PAID
REP005915,LN00566,68500,2023-05-03,PAID
REP005916,LN00566,68500,2023-06-01,PAID
REP005917,LN00567,70500,2020-10-10,PAID
REP005918,LN00567,70500,2020-11-08,PAID
REP005919,LN00567,70500,2020-12-10,PAID
REP005920,LN00567,70500,2021-01-10,PAID
REP005921,LN00567,70500,2021-02-02,PAID
REP005922,LN00567,70500,2021-03-06,PAID
REP005923,LN00567,70500,2021-04-06,PAID
REP005924,LN00567,70500,2021-05-10,PAID
REP005925,LN00567,70500,2021-06-05,PAID
REP005926,LN00568,101000,2020-06-21,PAID
REP005927,LN00568,101000,2020-07-16,PAID
REP005928,LN00568,101000,2020-08-22,PAID
REP005929,LN00568,101000,2020-09-13,PAID
REP005930,LN00568,101000,2020-10-17,PAID
REP005931,LN00568,101000,2020-11-15,PAID
REP005932,LN00568,101000,2020-12-14,PAID
REP005933,LN00568,101000,2021-01-13,LATE
REP005934,LN00568,101000,2021-02-13,PAID
REP005935,LN00568,101000,2021-03-19,PAID
REP005936,LN00568,101000,2021-04-15,PAID
REP005937,LN00568,101000,2021-05-12,LATE
REP005938,LN00568,101000,2021-06-13,PAID
REP005939,LN00568,101000,2021-07-16,PAID
REP005940,LN00568,101000,2021-08-15,PAID
REP005941,LN00568,101000,2021-09-16,PAID
REP005942,LN00568,101000,2021-10-08,PAID
REP005943,LN00568,101000,2021-11-12,PAID
REP005944,LN00568,101000,2021-12-09,PAID
REP005945,LN00568,101000,2022-01-10,PAID
REP005946,LN00568,101000,2022-02-05,PAID
REP005947,LN00568,101000,2022-03-08,PAID
REP005948,LN00568,101000,2022-04-13,PAID
REP005949,LN00568,101000,2022-05-10,PAID
REP005950,LN00569,53000,2023-07-27,PAID
REP005951,LN00569,53000,2023-08-27,PAID
REP005952,LN00569,53000,2023-09-27,PAID
REP005953,LN00569,53000,2023-10-25,PAID
REP005954,LN00569,53000,2023-11-26,PAID
REP005955,LN00569,53000,2023-12-23,PAID
REP005956,LN00569,53000,2024-01-28,PAID
REP005957,LN00569,53000,2024-02-23,PAID
REP005958,LN00569,53000,2024-03-25,PAID
REP005959,LN00570,69500,2021-03-18,PAID
REP005960,LN00570,69500,2021-04-17,PAID
REP005961,LN00570,69500,2021-05-17,PAID
REP005962,LN00570,69500,2021-06-17,LATE
REP005963,LN00570,69500,2021-07-14,PAID
REP005964,LN00570,69500,2021-08-19,PAID
REP005965,LN00571,192500,2022-06-30,PAID
REP005966,LN00572,61500,2021-01-27,LATE
REP005967,LN00573,284000,2022-10-25,PAID
REP005968,LN00573,284000,2022-11-28,PAID
REP005969,LN00573,284000,2022-12-22,PAID
REP005970,LN00573,284000,2023-01-26,PAID
REP005971,LN00573,284000,2023-02-24,PAID
REP005972,LN00573,284000,2023-03-21,PAID
REP005973,LN00574,15500,2023-03-30,PAID
REP005974,LN00574,15500,2023-04-30,PAID
REP005975,LN00574,15500,2023-05-28,PAID
REP005976,LN00574,15500,2023-06-27,PAID
REP005977,LN00574,15500,2023-07-22,PAID
REP005978,LN00574,15500,2023-08-26,PAID
REP005979,LN00574,15500,2023-09-21,PAID
REP005980,LN00574,15500,2023-10-22,PAID
REP005981,LN00574,15500,2023-11-27,PAID
REP005982,LN00574,15500,2023-12-26,PAID
REP005983,LN00574,15500,2024-01-18,PAID
REP005984,LN00574,15500,2024-02-19,LATE
REP005985,LN00575,11000,2024-05-19,PAID
REP005986,LN00575,11000,2024-06-14,PAID
REP005987,LN00575,11000,2024-07-16,PAID
REP005988,LN00575,11000,2024-08-15,PAID
REP005989,LN00575,11000,2024-09-17,PAID
REP005990,LN00575,11000,2024-10-18,PAID
REP005991,LN00575,11000,2024-11-15,PAID
REP005992,LN00575,11000,2024-12-19,PAID
REP005993,LN00575,11000,2025-01-11,PAID
REP005994,LN00576,53500,2024-04-02,PAID
REP005995,LN00576,53500,2024-04-29,PAID
REP005996,LN00576,53500,2024-05-27,PAID
REP005997,LN00576,53500,2024-06-24,PAID
REP005998,LN00576,53500,2024-08-01,PAID
REP005999,LN00576,53500,2024-08-30,PAID
REP006000,LN00576,53500,2024-09-29,PAID
REP006001,LN00576,53500,2024-10-27,PAID
REP006002,LN00576,53500,2024-11-22,PAID
REP006003,LN00576,53500,2024-12-26,PAID
REP006004,LN00576,53500,2025-01-25,PAID
REP006005,LN00576,53500,2025-02-27,PAID
REP006006,LN00576,53500,2025-03-25,PAID
REP006007,LN00576,53500,2025-04-22,PAID
REP006008,LN00576,53500,2025-05-27,PAID
REP006009,LN00576,53500,2025-06-22,PAID
REP006010,LN00577,8000,2022-01-30,PAID
REP006011,LN00577,8000,2022-02-28,PAID
REP006012,LN00578,55000,2023-12-08,PAID
REP006013,LN00579,54500,2023-10-06,PAID
REP006014,LN00579,54500,2023-11-10,PAID
REP006015,LN00579,54500,2023-12-13,PAID
REP006016,LN00579,54500,2024-01-04,PAID
REP006017,LN00579,54500,2024-02-04,PAID
REP006018,LN00579,54500,2024-03-04,PAID
REP006019,LN00579,54500,2024-04-10,PAID
REP006020,LN00579,54500,2024-05-03,PAID
REP006021,LN00579,54500,2024-06-05,PAID
REP006022,LN00580,42000,2021-11-11,PAID
REP006023,LN00580,42000,2021-12-10,PAID
REP006024,LN00580,42000,2022-01-07,PAID
REP006025,LN00580,42000,2022-02-05,PAID
REP006026,LN00580,42000,2022-03-08,PAID
REP006027,LN00580,42000,2022-04-12,PAID
REP006028,LN00580,42000,2022-05-09,PAID
REP006029,LN00580,42000,2022-06-12,PAID
REP006030,LN00580,42000,2022-07-06,LATE
REP006031,LN00580,42000,2022-08-07,PAID
REP006032,LN00580,42000,2022-09-03,PAID
REP006033,LN00580,42000,2022-10-08,PAID
REP006034,LN00580,42000,2022-11-05,PAID
REP006035,LN00580,42000,2022-12-07,PAID
REP006036,LN00580,42000,2023-01-03,PAID
REP006037,LN00580,42000,2023-01-30,PAID
REP006038,LN00580,42000,2023-03-04,PAID
REP006039,LN00580,42000,2023-04-04,PAID
REP006040,LN00580,42000,2023-05-07,PAID
REP006041,LN00580,42000,2023-05-30,PAID
REP006042,LN00580,42000,2023-07-07,PAID
REP006043,LN00580,42000,2023-08-03,LATE
REP006044,LN00580,42000,2023-09-04,LATE
REP006045,LN00580,42000,2023-09-29,LATE
REP006046,LN00581,85000,2021-12-22,PAID
REP006047,LN00581,85000,2022-01-20,PAID
REP006048,LN00581,85000,2022-02-19,PAID
REP006049,LN00581,85000,2022-03-23,PAID
REP006050,LN00581,85000,2022-04-17,PAID
REP006051,LN00581,85000,2022-05-18,PAID
REP006052,LN00582,134000,2022-07-13,PAID
REP006053,LN00582,134000,2022-08-11,PAID
REP006054,LN00582,134000,2022-09-13,PAID
REP006055,LN00582,134000,2022-10-08,PAID
REP006056,LN00582,134000,2022-11-10,PAID
REP006057,LN00583,415000,2021-07-30,PAID
REP006058,LN00584,20000,2020-08-14,PAID
REP006059,LN00584,20000,2020-09-10,PAID
REP006060,LN00584,20000,2020-10-10,LATE
REP006061,LN00584,20000,2020-11-12,PAID
REP006062,LN00584,20000,2020-12-09,PAID
REP006063,LN00584,20000,2021-01-10,PAID
REP006064,LN00584,20000,2021-02-10,PAID
REP006065,LN00584,20000,2021-03-13,PAID
REP006066,LN00584,20000,2021-04-08,PAID
REP006067,LN00584,20000,2021-05-11,PAID
REP006068,LN00584,20000,2021-06-11,PAID
REP006069,LN00584,20000,2021-07-08,PAID
REP006070,LN00584,20000,2021-08-06,PAID
REP006071,LN00585,214000,2022-01-10,PAID
REP006072,LN00585,214000,2022-02-11,PAID
REP006073,LN00585,214000,2022-03-11,LATE
REP006074,LN00585,214000,2022-04-14,PAID
REP006075,LN00585,214000,2022-05-12,PAID
REP006076,LN00585,214000,2022-06-07,PAID
REP006077,LN00586,66000,2022-06-02,PAID
REP006078,LN00586,66000,2022-06-27,PAID
REP006079,LN00586,66000,2022-07-25,PAID
REP006080,LN00586,66000,2022-08-31,PAID
REP006081,LN00586,66000,2022-09-22,LATE
REP006082,LN00586,66000,2022-10-30,PAID
REP006083,LN00586,66000,2022-11-24,PAID
REP006084,LN00586,66000,2022-12-23,PAID
REP006085,LN00586,66000,2023-01-21,PAID
REP006086,LN00586,66000,2023-02-21,PAID
REP006087,LN00586,66000,2023-03-23,PAID
REP006088,LN00586,66000,2023-04-25,PAID
REP006089,LN00586,66000,2023-05-28,PAID
REP006090,LN00586,66000,2023-06-20,PAID
REP006091,LN00586,66000,2023-07-27,PAID
REP006092,LN00586,66000,2023-08-24,PAID
REP006093,LN00586,66000,2023-09-25,PAID
REP006094,LN00586,66000,2023-10-23,PAID
REP006095,LN00586,66000,2023-11-16,PAID
REP006096,LN00586,66000,2023-12-17,PAID
REP006097,LN00586,66000,2024-01-19,PAID
REP006098,LN00586,66000,2024-02-14,PAID
REP006099,LN00586,66000,2024-03-19,PAID
REP006100,LN00586,66000,2024-04-14,LATE
REP006101,LN00587,40500,2023-08-07,PAID
REP006102,LN00587,40500,2023-09-12,PAID
REP006103,LN00587,40500,2023-10-11,PAID
REP006104,LN00587,40500,2023-11-11,PAID
REP006105,LN00587,40500,2023-12-08,PAID
REP006106,LN00587,40500,2024-01-08,PAID
REP006107,LN00587,40500,2024-02-05,PAID
REP006108,LN00587,40500,2024-03-08,PAID
REP006109,LN00587,40500,2024-04-02,PAID
REP006110,LN00587,40500,2024-05-03,PAID
REP006111,LN00587,40500,2024-06-02,PAID
REP006112,LN00587,40500,2024-07-02,PAID
REP006113,LN00587,40500,2024-08-05,PAID
REP006114,LN00587,40500,2024-08-31,PAID
REP006115,LN00587,40500,2024-09-30,LATE
REP006116,LN00587,40500,2024-10-29,LATE
REP006117,LN00587,40500,2024-11-29,PAID
REP006118,LN00587,40500,2025-01-04,PAID
REP006119,LN00587,40500,2025-01-27,PAID
REP006120,LN00587,40500,2025-03-04,PAID
REP006121,LN00587,40500,2025-03-28,PAID
REP006122,LN00587,40500,2025-05-03,PAID
REP006123,LN00587,40500,2025-06-01,PAID
REP006124,LN00587,40500,2025-06-29,PAID
REP006125,LN00587,40500,2025-08-02,PAID
REP006126,LN00587,40500,2025-08-26,PAID
REP006127,LN00587,40500,2025-09-26,PAID
REP006128,LN00587,40500,2025-10-31,LATE
REP006129,LN00587,40500,2025-11-25,PAID
REP006130,LN00587,40500,2025-12-28,PAID
REP006131,LN00587,40500,2026-01-23,PAID
REP006132,LN00587,40500,2026-02-20,LATE
REP006133,LN00587,40500,2026-03-25,PAID
REP006134,LN00587,40500,2026-04-29,PAID
REP006135,LN00587,40500,2026-05-29,PAID
REP006136,LN00587,40500,2026-06-21,LATE
REP006137,LN00587,40500,2026-07-20,PAID
REP006138,LN00587,40500,2026-08-21,PAID
REP006139,LN00588,59500,2023-09-03,PAID
REP006140,LN00589,23000,2021-03-18,PAID
REP006141,LN00589,23000,2021-04-14,PAID
REP006142,LN00589,23000,2021-05-14,PAID
REP006143,LN00589,23000,2021-06-11,PAID
REP006144,LN00589,23000,2021-07-17,PAID
REP006145,LN00589,23000,2021-08-16,PAID
REP006146,LN00589,23000,2021-09-16,PAID
REP006147,LN00589,23000,2021-10-12,PAID
REP006148,LN00589,23000,2021-11-10,PAID
REP006149,LN00589,23000,2021-12-11,PAID
REP006150,LN00589,23000,2022-01-15,PAID
REP006151,LN00589,23000,2022-02-12,PAID
REP006152,LN00589,23000,2022-03-11,PAID
REP006153,LN00589,23000,2022-04-14,PAID
REP006154,LN00589,23000,2022-05-08,PAID
REP006155,LN00589,23000,2022-06-07,PAID
REP006156,LN00589,23000,2022-07-14,PAID
REP006157,LN00589,23000,2022-08-11,PAID
REP006158,LN00590,89000,2022-05-18,PAID
REP006159,LN00590,89000,2022-06-24,PAID
REP006160,LN00590,89000,2022-07-17,LATE
REP006161,LN00590,89000,2022-08-16,PAID
REP006162,LN00590,89000,2022-09-22,PAID
REP006163,LN00590,89000,2022-10-17,PAID
REP006164,LN00590,89000,2022-11-15,PAID
REP006165,LN00590,89000,2022-12-21,PAID
REP006166,LN00591,29000,2021-07-11,PAID
REP006167,LN00591,29000,2021-08-12,PAID
REP006168,LN00591,29000,2021-09-05,PAID
REP006169,LN00591,29000,2021-10-09,PAID
REP006170,LN00591,29000,2021-11-03,PAID
REP006171,LN00591,29000,2021-12-10,PAID
REP006172,LN00591,29000,2022-01-03,PAID
REP006173,LN00591,29000,2022-02-07,PAID
REP006174,LN00592,103500,2022-09-06,LATE
REP006175,LN00592,103500,2022-10-12,PAID
REP006176,LN00593,57000,2021-08-12,PAID
REP006177,LN00593,57000,2021-09-08,PAID
REP006178,LN00593,57000,2021-10-14,PAID
REP006179,LN00593,57000,2021-11-12,PAID
REP006180,LN00593,57000,2021-12-14,PAID
REP006181,LN00593,57000,2022-01-10,PAID
REP006182,LN00593,57000,2022-02-10,PAID
REP006183,LN00593,57000,2022-03-14,PAID
REP006184,LN00593,57000,2022-04-13,PAID
REP006185,LN00593,57000,2022-05-10,PAID
REP006186,LN00593,57000,2022-06-06,PAID
REP006187,LN00593,57000,2022-07-04,PAID
REP006188,LN00594,7500,2024-02-17,PAID
REP006189,LN00594,7500,2024-03-22,PAID
REP006190,LN00594,7500,2024-04-21,PAID
REP006191,LN00594,7500,2024-05-17,PAID
REP006192,LN00594,7500,2024-06-19,PAID
REP006193,LN00594,7500,2024-07-15,PAID
REP006194,LN00594,7500,2024-08-20,PAID
REP006195,LN00594,7500,2024-09-20,PAID
REP006196,LN00594,7500,2024-10-14,PAID
REP006197,LN00594,7500,2024-11-14,PAID
REP006198,LN00594,7500,2024-12-17,PAID
REP006199,LN00594,7500,2025-01-10,PAID
REP006200,LN00595,56500,2022-05-14,PAID
REP006201,LN00595,56500,2022-06-09,PAID
REP006202,LN00595,56500,2022-07-16,PAID
REP006203,LN00595,56500,2022-08-14,PAID
REP006204,LN00595,56500,2022-09-11,PAID
REP006205,LN00595,56500,2022-10-14,PAID
REP006206,LN00595,56500,2022-11-12,PAID
REP006207,LN00595,56500,2022-12-14,LATE
REP006208,LN00595,56500,2023-01-12,PAID
REP006209,LN00595,56500,2023-02-11,PAID
REP006210,LN00595,56500,2023-03-11,PAID
REP006211,LN00595,56500,2023-04-09,PAID
REP006212,LN00595,56500,2023-05-06,PAID
REP006213,LN00595,56500,2023-06-07,PAID
REP006214,LN00595,56500,2023-07-12,PAID
REP006215,LN00595,56500,2023-08-04,PAID
REP006216,LN00595,56500,2023-09-05,PAID
REP006217,LN00595,56500,2023-10-09,PAID
REP006218,LN00596,37000,2023-04-14,PAID
REP006219,LN00596,37000,2023-05-19,PAID
REP006220,LN00597,29000,2020-08-05,PAID
REP006221,LN00598,26000,2022-06-20,LATE
REP006222,LN00598,26000,2022-07-16,PAID
REP006223,LN00598,26000,2022-08-13,PAID
REP006224,LN00598,26000,2022-09-18,PAID
REP006225,LN00598,26000,2022-10-10,PAID
REP006226,LN00599,226000,2023-05-20,PAID
REP006227,LN00600,184000,2023-11-28,PAID
